time,id,total_energy,ac_v1,ac_a1,ac_w1,ac_f1,ac_v2,ac_a2,ac_w2,ac_f2,ac_v3,ac_a3,ac_w3,ac_f3,dc_v1,dc_a1,dc_w1,dc_v2,dc_a2,dc_w2,temp,sun_meter,t_meter
2022-12-12 00:01:18,001,279977,0.0,0.0,0,0.0,0.0,0.0,0,0.0,0.0,0.0,0,0.0,0.0,0.0,0,0.0,0.0,0,0,0,
2022-12-12 00:01:18,002,291996,0.0,0.0,0,0.0,0.0,0.0,0,0.0,0.0,0.0,0,0.0,0.0,0.0,0,0.0,0.0,0,0,0,
2022-12-12 00:01:18,003,242637,0.0,0.0,0,0.0,0.0,0.0,0,0.0,0.0,0.0,0,0.0,0.0,0.0,0,0.0,0.0,0,0,0,
2022-12-12 00:05:21,001,279977,0.0,0.0,0,0.0,0.0,0.0,0,0.0,0.0,0.0,0,0.0,0.0,0.0,0,0.0,0.0,0,0,0,
2022-12-12 00:05:21,002,291996,0.0,0.0,0,0.0,0.0,0.0,0,0.0,0.0,0.0,0,0.0,0.0,0.0,0,0.0,0.0,0,0,0,
2022-12-12 00:05:21,003,242637,0.0,0.0,0,0.0,0.0,0.0,0,0.0,0.0,0.0,0,0.0,0.0,0.0,0,0.0,0.0,0,0,0,
2022-12-12 00:10:25,001,279977,0.0,0.0,0,0.0,0.0,0.0,0,0.0,0.0,0.0,0,0.0,0.0,0.0,0,0.0,0.0,0,0,0,
2022-12-12 00:10:25,002,291996,0.0,0.0,0,0.0,0.0,0.0,0,0.0,0.0,0.0,0,0.0,0.0,0.0,0,0.0,0.0,0,0,0,
2022-12-12 00:10:25,003,242637,0.0,0.0,0,0.0,0.0,0.0,0,0.0,0.0,0.0,0,0.0,0.0,0.0,0,0.0,0.0,0,0,0,
2022-12-12 00:15:29,001,279977,0.0,0.0,0,0.0,0.0,0.0,0,0.0,0.0,0.0,0,0.0,0.0,0.0,0,0.0,0.0,0,0,0,
2022-12-12 00:15:29,002,291996,0.0,0.0,0,0.0,0.0,0.0,0,0.0,0.0,0.0,0,0.0,0.0,0.0,0,0.0,0.0,0,0,0,
2022-12-12 00:15:29,003,242637,0.0,0.0,0,0.0,0.0,0.0,0,0.0,0.0,0.0,0,0.0,0.0,0.0,0,0.0,0.0,0,0,0,
2022-12-12 00:20:33,001,279977,0.0,0.0,0,0.0,0.0,0.0,0,0.0,0.0,0.0,0,0.0,0.0,0.0,0,0.0,0.0,0,0,0,
2022-12-12 00:20:33,002,291996,0.0,0.0,0,0.0,0.0,0.0,0,0.0,0.0,0.0,0,0.0,0.0,0.0,0,0.0,0.0,0,0,0,
2022-12-12 00:20:33,003,242637,0.0,0.0,0,0.0,0.0,0.0,0,0.0,0.0,0.0,0,0.0,0.0,0.0,0,0.0,0.0,0,0,0,
2022-12-12 00:25:37,001,279977,0.0,0.0,0,0.0,0.0,0.0,0,0.0,0.0,0.0,0,0.0,0.0,0.0,0,0.0,0.0,0,0,0,
2022-12-12 00:25:37,002,291996,0.0,0.0,0,0.0,0.0,0.0,0,0.0,0.0,0.0,0,0.0,0.0,0.0,0,0.0,0.0,0,0,0,
2022-12-12 00:25:37,003,242637,0.0,0.0,0,0.0,0.0,0.0,0,0.0,0.0,0.0,0,0.0,0.0,0.0,0,0.0,0.0,0,0,0,
2022-12-12 00:30:41,001,279977,0.0,0.0,0,0.0,0.0,0.0,0,0.0,0.0,0.0,0,0.0,0.0,0.0,0,0.0,0.0,0,0,0,
2022-12-12 00:30:41,002,291996,0.0,0.0,0,0.0,0.0,0.0,0,0.0,0.0,0.0,0,0.0,0.0,0.0,0,0.0,0.0,0,0,0,
2022-12-12 00:30:41,003,242637,0.0,0.0,0,0.0,0.0,0.0,0,0.0,0.0,0.0,0,0.0,0.0,0.0,0,0.0,0.0,0,0,0,
2022-12-12 00:35:46,001,279977,0.0,0.0,0,0.0,0.0,0.0,0,0.0,0.0,0.0,0,0.0,0.0,0.0,0,0.0,0.0,0,0,0,
2022-12-12 00:35:46,002,291996,0.0,0.0,0,0.0,0.0,0.0,0,0.0,0.0,0.0,0,0.0,0.0,0.0,0,0.0,0.0,0,0,0,
2022-12-12 00:35:46,003,242637,0.0,0.0,0,0.0,0.0,0.0,0,0.0,0.0,0.0,0,0.0,0.0,0.0,0,0.0,0.0,0,0,0,
2022-12-12 00:40:50,001,279977,0.0,0.0,0,0.0,0.0,0.0,0,0.0,0.0,0.0,0,0.0,0.0,0.0,0,0.0,0.0,0,0,0,
2022-12-12 00:40:50,002,291996,0.0,0.0,0,0.0,0.0,0.0,0,0.0,0.0,0.0,0,0.0,0.0,0.0,0,0.0,0.0,0,0,0,
2022-12-12 00:40:50,003,242637,0.0,0.0,0,0.0,0.0,0.0,0,0.0,0.0,0.0,0,0.0,0.0,0.0,0,0.0,0.0,0,0,0,
2022-12-12 00:45:54,001,279977,0.0,0.0,0,0.0,0.0,0.0,0,0.0,0.0,0.0,0,0.0,0.0,0.0,0,0.0,0.0,0,0,0,
2022-12-12 00:45:54,002,291996,0.0,0.0,0,0.0,0.0,0.0,0,0.0,0.0,0.0,0,0.0,0.0,0.0,0,0.0,0.0,0,0,0,
2022-12-12 00:45:54,003,242637,0.0,0.0,0,0.0,0.0,0.0,0,0.0,0.0,0.0,0,0.0,0.0,0.0,0,0.0,0.0,0,0,0,
2022-12-12 00:50:58,001,279977,0.0,0.0,0,0.0,0.0,0.0,0,0.0,0.0,0.0,0,0.0,0.0,0.0,0,0.0,0.0,0,0,0,
2022-12-12 00:50:58,002,291996,0.0,0.0,0,0.0,0.0,0.0,0,0.0,0.0,0.0,0,0.0,0.0,0.0,0,0.0,0.0,0,0,0,
2022-12-12 00:50:58,003,242637,0.0,0.0,0,0.0,0.0,0.0,0,0.0,0.0,0.0,0,0.0,0.0,0.0,0,0.0,0.0,0,0,0,
2022-12-12 00:56:02,001,279977,0.0,0.0,0,0.0,0.0,0.0,0,0.0,0.0,0.0,0,0.0,0.0,0.0,0,0.0,0.0,0,0,0,
2022-12-12 00:56:02,002,291996,0.0,0.0,0,0.0,0.0,0.0,0,0.0,0.0,0.0,0,0.0,0.0,0.0,0,0.0,0.0,0,0,0,
2022-12-12 00:56:02,003,242637,0.0,0.0,0,0.0,0.0,0.0,0,0.0,0.0,0.0,0,0.0,0.0,0.0,0,0.0,0.0,0,0,0,
2022-12-12 01:01:06,001,279977,0.0,0.0,0,0.0,0.0,0.0,0,0.0,0.0,0.0,0,0.0,0.0,0.0,0,0.0,0.0,0,0,0,
2022-12-12 01:01:06,002,291996,0.0,0.0,0,0.0,0.0,0.0,0,0.0,0.0,0.0,0,0.0,0.0,0.0,0,0.0,0.0,0,0,0,
2022-12-12 01:01:06,003,242637,0.0,0.0,0,0.0,0.0,0.0,0,0.0,0.0,0.0,0,0.0,0.0,0.0,0,0.0,0.0,0,0,0,
2022-12-12 01:06:10,001,279977,0.0,0.0,0,0.0,0.0,0.0,0,0.0,0.0,0.0,0,0.0,0.0,0.0,0,0.0,0.0,0,0,0,
2022-12-12 01:06:10,002,291996,0.0,0.0,0,0.0,0.0,0.0,0,0.0,0.0,0.0,0,0.0,0.0,0.0,0,0.0,0.0,0,0,0,
2022-12-12 01:06:10,003,242637,0.0,0.0,0,0.0,0.0,0.0,0,0.0,0.0,0.0,0,0.0,0.0,0.0,0,0.0,0.0,0,0,0,
2022-12-12 01:11:14,001,279977,0.0,0.0,0,0.0,0.0,0.0,0,0.0,0.0,0.0,0,0.0,0.0,0.0,0,0.0,0.0,0,0,0,
2022-12-12 01:11:14,002,291996,0.0,0.0,0,0.0,0.0,0.0,0,0.0,0.0,0.0,0,0.0,0.0,0.0,0,0.0,0.0,0,0,0,
2022-12-12 01:11:14,003,242637,0.0,0.0,0,0.0,0.0,0.0,0,0.0,0.0,0.0,0,0.0,0.0,0.0,0,0.0,0.0,0,0,0,
2022-12-12 01:16:18,001,279977,0.0,0.0,0,0.0,0.0,0.0,0,0.0,0.0,0.0,0,0.0,0.0,0.0,0,0.0,0.0,0,0,0,
2022-12-12 01:16:18,002,291996,0.0,0.0,0,0.0,0.0,0.0,0,0.0,0.0,0.0,0,0.0,0.0,0.0,0,0.0,0.0,0,0,0,
2022-12-12 01:16:18,003,242637,0.0,0.0,0,0.0,0.0,0.0,0,0.0,0.0,0.0,0,0.0,0.0,0.0,0,0.0,0.0,0,0,0,
2022-12-12 01:20:22,001,279977,0.0,0.0,0,0.0,0.0,0.0,0,0.0,0.0,0.0,0,0.0,0.0,0.0,0,0.0,0.0,0,0,0,
2022-12-12 01:20:22,002,291996,0.0,0.0,0,0.0,0.0,0.0,0,0.0,0.0,0.0,0,0.0,0.0,0.0,0,0.0,0.0,0,0,0,
2022-12-12 01:20:22,003,242637,0.0,0.0,0,0.0,0.0,0.0,0,0.0,0.0,0.0,0,0.0,0.0,0.0,0,0.0,0.0,0,0,0,
2022-12-12 01:25:26,001,279977,0.0,0.0,0,0.0,0.0,0.0,0,0.0,0.0,0.0,0,0.0,0.0,0.0,0,0.0,0.0,0,0,0,
2022-12-12 01:25:26,002,291996,0.0,0.0,0,0.0,0.0,0.0,0,0.0,0.0,0.0,0,0.0,0.0,0.0,0,0.0,0.0,0,0,0,
2022-12-12 01:25:26,003,242637,0.0,0.0,0,0.0,0.0,0.0,0,0.0,0.0,0.0,0,0.0,0.0,0.0,0,0.0,0.0,0,0,0,
2022-12-12 01:30:30,001,279977,0.0,0.0,0,0.0,0.0,0.0,0,0.0,0.0,0.0,0,0.0,0.0,0.0,0,0.0,0.0,0,0,0,
2022-12-12 01:30:30,002,291996,0.0,0.0,0,0.0,0.0,0.0,0,0.0,0.0,0.0,0,0.0,0.0,0.0,0,0.0,0.0,0,0,0,
2022-12-12 01:30:30,003,242637,0.0,0.0,0,0.0,0.0,0.0,0,0.0,0.0,0.0,0,0.0,0.0,0.0,0,0.0,0.0,0,0,0,
2022-12-12 01:35:34,001,279977,0.0,0.0,0,0.0,0.0,0.0,0,0.0,0.0,0.0,0,0.0,0.0,0.0,0,0.0,0.0,0,0,0,
2022-12-12 01:35:34,002,291996,0.0,0.0,0,0.0,0.0,0.0,0,0.0,0.0,0.0,0,0.0,0.0,0.0,0,0.0,0.0,0,0,0,
2022-12-12 01:35:34,003,242637,0.0,0.0,0,0.0,0.0,0.0,0,0.0,0.0,0.0,0,0.0,0.0,0.0,0,0.0,0.0,0,0,0,
2022-12-12 01:40:38,001,279977,0.0,0.0,0,0.0,0.0,0.0,0,0.0,0.0,0.0,0,0.0,0.0,0.0,0,0.0,0.0,0,0,0,
2022-12-12 01:40:38,002,291996,0.0,0.0,0,0.0,0.0,0.0,0,0.0,0.0,0.0,0,0.0,0.0,0.0,0,0.0,0.0,0,0,0,
2022-12-12 01:40:38,003,242637,0.0,0.0,0,0.0,0.0,0.0,0,0.0,0.0,0.0,0,0.0,0.0,0.0,0,0.0,0.0,0,0,0,
2022-12-12 01:45:42,001,279977,0.0,0.0,0,0.0,0.0,0.0,0,0.0,0.0,0.0,0,0.0,0.0,0.0,0,0.0,0.0,0,0,0,
2022-12-12 01:45:42,002,291996,0.0,0.0,0,0.0,0.0,0.0,0,0.0,0.0,0.0,0,0.0,0.0,0.0,0,0.0,0.0,0,0,0,
2022-12-12 01:45:42,003,242637,0.0,0.0,0,0.0,0.0,0.0,0,0.0,0.0,0.0,0,0.0,0.0,0.0,0,0.0,0.0,0,0,0,
2022-12-12 01:50:46,001,279977,0.0,0.0,0,0.0,0.0,0.0,0,0.0,0.0,0.0,0,0.0,0.0,0.0,0,0.0,0.0,0,0,0,
2022-12-12 01:50:46,002,291996,0.0,0.0,0,0.0,0.0,0.0,0,0.0,0.0,0.0,0,0.0,0.0,0.0,0,0.0,0.0,0,0,0,
2022-12-12 01:50:46,003,242637,0.0,0.0,0,0.0,0.0,0.0,0,0.0,0.0,0.0,0,0.0,0.0,0.0,0,0.0,0.0,0,0,0,
2022-12-12 01:55:50,001,279977,0.0,0.0,0,0.0,0.0,0.0,0,0.0,0.0,0.0,0,0.0,0.0,0.0,0,0.0,0.0,0,0,0,
2022-12-12 01:55:50,002,291996,0.0,0.0,0,0.0,0.0,0.0,0,0.0,0.0,0.0,0,0.0,0.0,0.0,0,0.0,0.0,0,0,0,
2022-12-12 01:55:50,003,242637,0.0,0.0,0,0.0,0.0,0.0,0,0.0,0.0,0.0,0,0.0,0.0,0.0,0,0.0,0.0,0,0,0,
2022-12-12 02:00:54,001,279977,0.0,0.0,0,0.0,0.0,0.0,0,0.0,0.0,0.0,0,0.0,0.0,0.0,0,0.0,0.0,0,0,0,
2022-12-12 02:00:54,002,291996,0.0,0.0,0,0.0,0.0,0.0,0,0.0,0.0,0.0,0,0.0,0.0,0.0,0,0.0,0.0,0,0,0,
2022-12-12 02:00:54,003,242637,0.0,0.0,0,0.0,0.0,0.0,0,0.0,0.0,0.0,0,0.0,0.0,0.0,0,0.0,0.0,0,0,0,
2022-12-12 02:05:58,001,279977,0.0,0.0,0,0.0,0.0,0.0,0,0.0,0.0,0.0,0,0.0,0.0,0.0,0,0.0,0.0,0,0,0,
2022-12-12 02:05:58,002,291996,0.0,0.0,0,0.0,0.0,0.0,0,0.0,0.0,0.0,0,0.0,0.0,0.0,0,0.0,0.0,0,0,0,
2022-12-12 02:05:58,003,242637,0.0,0.0,0,0.0,0.0,0.0,0,0.0,0.0,0.0,0,0.0,0.0,0.0,0,0.0,0.0,0,0,0,
2022-12-12 02:11:02,001,279977,0.0,0.0,0,0.0,0.0,0.0,0,0.0,0.0,0.0,0,0.0,0.0,0.0,0,0.0,0.0,0,0,0,
2022-12-12 02:11:02,002,291996,0.0,0.0,0,0.0,0.0,0.0,0,0.0,0.0,0.0,0,0.0,0.0,0.0,0,0.0,0.0,0,0,0,
2022-12-12 02:11:02,003,242637,0.0,0.0,0,0.0,0.0,0.0,0,0.0,0.0,0.0,0,0.0,0.0,0.0,0,0.0,0.0,0,0,0,
2022-12-12 02:16:06,001,279977,0.0,0.0,0,0.0,0.0,0.0,0,0.0,0.0,0.0,0,0.0,0.0,0.0,0,0.0,0.0,0,0,0,
2022-12-12 02:16:06,002,291996,0.0,0.0,0,0.0,0.0,0.0,0,0.0,0.0,0.0,0,0.0,0.0,0.0,0,0.0,0.0,0,0,0,
2022-12-12 02:16:06,003,242637,0.0,0.0,0,0.0,0.0,0.0,0,0.0,0.0,0.0,0,0.0,0.0,0.0,0,0.0,0.0,0,0,0,
2022-12-12 02:21:10,001,279977,0.0,0.0,0,0.0,0.0,0.0,0,0.0,0.0,0.0,0,0.0,0.0,0.0,0,0.0,0.0,0,0,0,
2022-12-12 02:21:10,002,291996,0.0,0.0,0,0.0,0.0,0.0,0,0.0,0.0,0.0,0,0.0,0.0,0.0,0,0.0,0.0,0,0,0,
2022-12-12 02:21:10,003,242637,0.0,0.0,0,0.0,0.0,0.0,0,0.0,0.0,0.0,0,0.0,0.0,0.0,0,0.0,0.0,0,0,0,
2022-12-12 02:26:14,001,279977,0.0,0.0,0,0.0,0.0,0.0,0,0.0,0.0,0.0,0,0.0,0.0,0.0,0,0.0,0.0,0,0,0,
2022-12-12 02:26:14,002,291996,0.0,0.0,0,0.0,0.0,0.0,0,0.0,0.0,0.0,0,0.0,0.0,0.0,0,0.0,0.0,0,0,0,
2022-12-12 02:26:14,003,242637,0.0,0.0,0,0.0,0.0,0.0,0,0.0,0.0,0.0,0,0.0,0.0,0.0,0,0.0,0.0,0,0,0,
2022-12-12 02:31:18,001,279977,0.0,0.0,0,0.0,0.0,0.0,0,0.0,0.0,0.0,0,0.0,0.0,0.0,0,0.0,0.0,0,0,0,
2022-12-12 02:31:18,002,291996,0.0,0.0,0,0.0,0.0,0.0,0,0.0,0.0,0.0,0,0.0,0.0,0.0,0,0.0,0.0,0,0,0,
2022-12-12 02:31:18,003,242637,0.0,0.0,0,0.0,0.0,0.0,0,0.0,0.0,0.0,0,0.0,0.0,0.0,0,0.0,0.0,0,0,0,
2022-12-12 02:36:22,001,279977,0.0,0.0,0,0.0,0.0,0.0,0,0.0,0.0,0.0,0,0.0,0.0,0.0,0,0.0,0.0,0,0,0,
2022-12-12 02:36:22,002,291996,0.0,0.0,0,0.0,0.0,0.0,0,0.0,0.0,0.0,0,0.0,0.0,0.0,0,0.0,0.0,0,0,0,
2022-12-12 02:36:22,003,242637,0.0,0.0,0,0.0,0.0,0.0,0,0.0,0.0,0.0,0,0.0,0.0,0.0,0,0.0,0.0,0,0,0,
2022-12-12 02:40:25,001,279977,0.0,0.0,0,0.0,0.0,0.0,0,0.0,0.0,0.0,0,0.0,0.0,0.0,0,0.0,0.0,0,0,0,
2022-12-12 02:40:25,002,291996,0.0,0.0,0,0.0,0.0,0.0,0,0.0,0.0,0.0,0,0.0,0.0,0.0,0,0.0,0.0,0,0,0,
2022-12-12 02:40:25,003,242637,0.0,0.0,0,0.0,0.0,0.0,0,0.0,0.0,0.0,0,0.0,0.0,0.0,0,0.0,0.0,0,0,0,
2022-12-12 02:45:29,001,279977,0.0,0.0,0,0.0,0.0,0.0,0,0.0,0.0,0.0,0,0.0,0.0,0.0,0,0.0,0.0,0,0,0,
2022-12-12 02:45:29,002,291996,0.0,0.0,0,0.0,0.0,0.0,0,0.0,0.0,0.0,0,0.0,0.0,0.0,0,0.0,0.0,0,0,0,
2022-12-12 02:45:29,003,242637,0.0,0.0,0,0.0,0.0,0.0,0,0.0,0.0,0.0,0,0.0,0.0,0.0,0,0.0,0.0,0,0,0,
2022-12-12 02:50:35,001,279977,0.0,0.0,0,0.0,0.0,0.0,0,0.0,0.0,0.0,0,0.0,0.0,0.0,0,0.0,0.0,0,0,0,
2022-12-12 02:50:35,002,291996,0.0,0.0,0,0.0,0.0,0.0,0,0.0,0.0,0.0,0,0.0,0.0,0.0,0,0.0,0.0,0,0,0,
2022-12-12 02:50:35,003,242637,0.0,0.0,0,0.0,0.0,0.0,0,0.0,0.0,0.0,0,0.0,0.0,0.0,0,0.0,0.0,0,0,0,
2022-12-12 02:55:39,001,279977,0.0,0.0,0,0.0,0.0,0.0,0,0.0,0.0,0.0,0,0.0,0.0,0.0,0,0.0,0.0,0,0,0,
2022-12-12 02:55:39,002,291996,0.0,0.0,0,0.0,0.0,0.0,0,0.0,0.0,0.0,0,0.0,0.0,0.0,0,0.0,0.0,0,0,0,
2022-12-12 02:55:39,003,242637,0.0,0.0,0,0.0,0.0,0.0,0,0.0,0.0,0.0,0,0.0,0.0,0.0,0,0.0,0.0,0,0,0,
2022-12-12 03:00:43,001,279977,0.0,0.0,0,0.0,0.0,0.0,0,0.0,0.0,0.0,0,0.0,0.0,0.0,0,0.0,0.0,0,0,0,
2022-12-12 03:00:43,002,291996,0.0,0.0,0,0.0,0.0,0.0,0,0.0,0.0,0.0,0,0.0,0.0,0.0,0,0.0,0.0,0,0,0,
2022-12-12 03:00:43,003,242637,0.0,0.0,0,0.0,0.0,0.0,0,0.0,0.0,0.0,0,0.0,0.0,0.0,0,0.0,0.0,0,0,0,
2022-12-12 03:05:47,001,279977,0.0,0.0,0,0.0,0.0,0.0,0,0.0,0.0,0.0,0,0.0,0.0,0.0,0,0.0,0.0,0,0,0,
2022-12-12 03:05:47,002,291996,0.0,0.0,0,0.0,0.0,0.0,0,0.0,0.0,0.0,0,0.0,0.0,0.0,0,0.0,0.0,0,0,0,
2022-12-12 03:05:47,003,242637,0.0,0.0,0,0.0,0.0,0.0,0,0.0,0.0,0.0,0,0.0,0.0,0.0,0,0.0,0.0,0,0,0,
2022-12-12 03:10:51,001,279977,0.0,0.0,0,0.0,0.0,0.0,0,0.0,0.0,0.0,0,0.0,0.0,0.0,0,0.0,0.0,0,0,0,
2022-12-12 03:10:51,002,291996,0.0,0.0,0,0.0,0.0,0.0,0,0.0,0.0,0.0,0,0.0,0.0,0.0,0,0.0,0.0,0,0,0,
2022-12-12 03:10:51,003,242637,0.0,0.0,0,0.0,0.0,0.0,0,0.0,0.0,0.0,0,0.0,0.0,0.0,0,0.0,0.0,0,0,0,
2022-12-12 03:15:55,001,279977,0.0,0.0,0,0.0,0.0,0.0,0,0.0,0.0,0.0,0,0.0,0.0,0.0,0,0.0,0.0,0,0,0,
2022-12-12 03:15:55,002,291996,0.0,0.0,0,0.0,0.0,0.0,0,0.0,0.0,0.0,0,0.0,0.0,0.0,0,0.0,0.0,0,0,0,
2022-12-12 03:15:55,003,242637,0.0,0.0,0,0.0,0.0,0.0,0,0.0,0.0,0.0,0,0.0,0.0,0.0,0,0.0,0.0,0,0,0,
2022-12-12 03:20:59,001,279977,0.0,0.0,0,0.0,0.0,0.0,0,0.0,0.0,0.0,0,0.0,0.0,0.0,0,0.0,0.0,0,0,0,
2022-12-12 03:20:59,002,291996,0.0,0.0,0,0.0,0.0,0.0,0,0.0,0.0,0.0,0,0.0,0.0,0.0,0,0.0,0.0,0,0,0,
2022-12-12 03:20:59,003,242637,0.0,0.0,0,0.0,0.0,0.0,0,0.0,0.0,0.0,0,0.0,0.0,0.0,0,0.0,0.0,0,0,0,
2022-12-12 03:26:03,001,279977,0.0,0.0,0,0.0,0.0,0.0,0,0.0,0.0,0.0,0,0.0,0.0,0.0,0,0.0,0.0,0,0,0,
2022-12-12 03:26:03,002,291996,0.0,0.0,0,0.0,0.0,0.0,0,0.0,0.0,0.0,0,0.0,0.0,0.0,0,0.0,0.0,0,0,0,
2022-12-12 03:26:03,003,242637,0.0,0.0,0,0.0,0.0,0.0,0,0.0,0.0,0.0,0,0.0,0.0,0.0,0,0.0,0.0,0,0,0,
2022-12-12 03:31:07,001,279977,0.0,0.0,0,0.0,0.0,0.0,0,0.0,0.0,0.0,0,0.0,0.0,0.0,0,0.0,0.0,0,0,0,
2022-12-12 03:31:07,002,291996,0.0,0.0,0,0.0,0.0,0.0,0,0.0,0.0,0.0,0,0.0,0.0,0.0,0,0.0,0.0,0,0,0,
2022-12-12 03:31:07,003,242637,0.0,0.0,0,0.0,0.0,0.0,0,0.0,0.0,0.0,0,0.0,0.0,0.0,0,0.0,0.0,0,0,0,
2022-12-12 03:36:11,001,279977,0.0,0.0,0,0.0,0.0,0.0,0,0.0,0.0,0.0,0,0.0,0.0,0.0,0,0.0,0.0,0,0,0,
2022-12-12 03:36:11,002,291996,0.0,0.0,0,0.0,0.0,0.0,0,0.0,0.0,0.0,0,0.0,0.0,0.0,0,0.0,0.0,0,0,0,
2022-12-12 03:36:11,003,242637,0.0,0.0,0,0.0,0.0,0.0,0,0.0,0.0,0.0,0,0.0,0.0,0.0,0,0.0,0.0,0,0,0,
2022-12-12 03:41:15,001,279977,0.0,0.0,0,0.0,0.0,0.0,0,0.0,0.0,0.0,0,0.0,0.0,0.0,0,0.0,0.0,0,0,0,
2022-12-12 03:41:15,002,291996,0.0,0.0,0,0.0,0.0,0.0,0,0.0,0.0,0.0,0,0.0,0.0,0.0,0,0.0,0.0,0,0,0,
2022-12-12 03:41:15,003,242637,0.0,0.0,0,0.0,0.0,0.0,0,0.0,0.0,0.0,0,0.0,0.0,0.0,0,0.0,0.0,0,0,0,
2022-12-12 03:46:19,001,279977,0.0,0.0,0,0.0,0.0,0.0,0,0.0,0.0,0.0,0,0.0,0.0,0.0,0,0.0,0.0,0,0,0,
2022-12-12 03:46:19,002,291996,0.0,0.0,0,0.0,0.0,0.0,0,0.0,0.0,0.0,0,0.0,0.0,0.0,0,0.0,0.0,0,0,0,
2022-12-12 03:46:19,003,242637,0.0,0.0,0,0.0,0.0,0.0,0,0.0,0.0,0.0,0,0.0,0.0,0.0,0,0.0,0.0,0,0,0,
2022-12-12 03:51:23,001,279977,0.0,0.0,0,0.0,0.0,0.0,0,0.0,0.0,0.0,0,0.0,0.0,0.0,0,0.0,0.0,0,0,0,
2022-12-12 03:51:23,002,291996,0.0,0.0,0,0.0,0.0,0.0,0,0.0,0.0,0.0,0,0.0,0.0,0.0,0,0.0,0.0,0,0,0,
2022-12-12 03:51:23,003,242637,0.0,0.0,0,0.0,0.0,0.0,0,0.0,0.0,0.0,0,0.0,0.0,0.0,0,0.0,0.0,0,0,0,
2022-12-12 03:56:27,001,279977,0.0,0.0,0,0.0,0.0,0.0,0,0.0,0.0,0.0,0,0.0,0.0,0.0,0,0.0,0.0,0,0,0,
2022-12-12 03:56:27,002,291996,0.0,0.0,0,0.0,0.0,0.0,0,0.0,0.0,0.0,0,0.0,0.0,0.0,0,0.0,0.0,0,0,0,
2022-12-12 03:56:27,003,242637,0.0,0.0,0,0.0,0.0,0.0,0,0.0,0.0,0.0,0,0.0,0.0,0.0,0,0.0,0.0,0,0,0,
2022-12-12 04:00:31,001,279977,0.0,0.0,0,0.0,0.0,0.0,0,0.0,0.0,0.0,0,0.0,0.0,0.0,0,0.0,0.0,0,0,0,
2022-12-12 04:00:31,002,291996,0.0,0.0,0,0.0,0.0,0.0,0,0.0,0.0,0.0,0,0.0,0.0,0.0,0,0.0,0.0,0,0,0,
2022-12-12 04:00:31,003,242637,0.0,0.0,0,0.0,0.0,0.0,0,0.0,0.0,0.0,0,0.0,0.0,0.0,0,0.0,0.0,0,0,0,
2022-12-12 04:05:35,001,279977,0.0,0.0,0,0.0,0.0,0.0,0,0.0,0.0,0.0,0,0.0,0.0,0.0,0,0.0,0.0,0,0,0,
2022-12-12 04:05:35,002,291996,0.0,0.0,0,0.0,0.0,0.0,0,0.0,0.0,0.0,0,0.0,0.0,0.0,0,0.0,0.0,0,0,0,
2022-12-12 04:05:35,003,242637,0.0,0.0,0,0.0,0.0,0.0,0,0.0,0.0,0.0,0,0.0,0.0,0.0,0,0.0,0.0,0,0,0,
2022-12-12 04:10:39,001,279977,0.0,0.0,0,0.0,0.0,0.0,0,0.0,0.0,0.0,0,0.0,0.0,0.0,0,0.0,0.0,0,0,0,
2022-12-12 04:10:39,002,291996,0.0,0.0,0,0.0,0.0,0.0,0,0.0,0.0,0.0,0,0.0,0.0,0.0,0,0.0,0.0,0,0,0,
2022-12-12 04:10:39,003,242637,0.0,0.0,0,0.0,0.0,0.0,0,0.0,0.0,0.0,0,0.0,0.0,0.0,0,0.0,0.0,0,0,0,
2022-12-12 04:15:43,001,279977,0.0,0.0,0,0.0,0.0,0.0,0,0.0,0.0,0.0,0,0.0,0.0,0.0,0,0.0,0.0,0,0,0,
2022-12-12 04:15:43,002,291996,0.0,0.0,0,0.0,0.0,0.0,0,0.0,0.0,0.0,0,0.0,0.0,0.0,0,0.0,0.0,0,0,0,
2022-12-12 04:15:43,003,242637,0.0,0.0,0,0.0,0.0,0.0,0,0.0,0.0,0.0,0,0.0,0.0,0.0,0,0.0,0.0,0,0,0,
2022-12-12 04:20:47,001,279977,0.0,0.0,0,0.0,0.0,0.0,0,0.0,0.0,0.0,0,0.0,0.0,0.0,0,0.0,0.0,0,0,0,
2022-12-12 04:20:47,002,291996,0.0,0.0,0,0.0,0.0,0.0,0,0.0,0.0,0.0,0,0.0,0.0,0.0,0,0.0,0.0,0,0,0,
2022-12-12 04:20:47,003,242637,0.0,0.0,0,0.0,0.0,0.0,0,0.0,0.0,0.0,0,0.0,0.0,0.0,0,0.0,0.0,0,0,0,
2022-12-12 04:25:51,001,279977,0.0,0.0,0,0.0,0.0,0.0,0,0.0,0.0,0.0,0,0.0,0.0,0.0,0,0.0,0.0,0,0,0,
2022-12-12 04:25:51,002,291996,0.0,0.0,0,0.0,0.0,0.0,0,0.0,0.0,0.0,0,0.0,0.0,0.0,0,0.0,0.0,0,0,0,
2022-12-12 04:25:51,003,242637,0.0,0.0,0,0.0,0.0,0.0,0,0.0,0.0,0.0,0,0.0,0.0,0.0,0,0.0,0.0,0,0,0,
2022-12-12 04:30:55,001,279977,0.0,0.0,0,0.0,0.0,0.0,0,0.0,0.0,0.0,0,0.0,0.0,0.0,0,0.0,0.0,0,0,0,
2022-12-12 04:30:55,002,291996,0.0,0.0,0,0.0,0.0,0.0,0,0.0,0.0,0.0,0,0.0,0.0,0.0,0,0.0,0.0,0,0,0,
2022-12-12 04:30:55,003,242637,0.0,0.0,0,0.0,0.0,0.0,0,0.0,0.0,0.0,0,0.0,0.0,0.0,0,0.0,0.0,0,0,0,
2022-12-12 04:35:59,001,279977,0.0,0.0,0,0.0,0.0,0.0,0,0.0,0.0,0.0,0,0.0,0.0,0.0,0,0.0,0.0,0,0,0,
2022-12-12 04:35:59,002,291996,0.0,0.0,0,0.0,0.0,0.0,0,0.0,0.0,0.0,0,0.0,0.0,0.0,0,0.0,0.0,0,0,0,
2022-12-12 04:35:59,003,242637,0.0,0.0,0,0.0,0.0,0.0,0,0.0,0.0,0.0,0,0.0,0.0,0.0,0,0.0,0.0,0,0,0,
2022-12-12 04:41:03,001,279977,0.0,0.0,0,0.0,0.0,0.0,0,0.0,0.0,0.0,0,0.0,0.0,0.0,0,0.0,0.0,0,0,0,
2022-12-12 04:41:03,002,291996,0.0,0.0,0,0.0,0.0,0.0,0,0.0,0.0,0.0,0,0.0,0.0,0.0,0,0.0,0.0,0,0,0,
2022-12-12 04:41:03,003,242637,0.0,0.0,0,0.0,0.0,0.0,0,0.0,0.0,0.0,0,0.0,0.0,0.0,0,0.0,0.0,0,0,0,
2022-12-12 04:46:07,001,279977,0.0,0.0,0,0.0,0.0,0.0,0,0.0,0.0,0.0,0,0.0,0.0,0.0,0,0.0,0.0,0,0,0,
2022-12-12 04:46:07,002,291996,0.0,0.0,0,0.0,0.0,0.0,0,0.0,0.0,0.0,0,0.0,0.0,0.0,0,0.0,0.0,0,0,0,
2022-12-12 04:46:07,003,242637,0.0,0.0,0,0.0,0.0,0.0,0,0.0,0.0,0.0,0,0.0,0.0,0.0,0,0.0,0.0,0,0,0,
2022-12-12 04:51:11,001,279977,0.0,0.0,0,0.0,0.0,0.0,0,0.0,0.0,0.0,0,0.0,0.0,0.0,0,0.0,0.0,0,0,0,
2022-12-12 04:51:11,002,291996,0.0,0.0,0,0.0,0.0,0.0,0,0.0,0.0,0.0,0,0.0,0.0,0.0,0,0.0,0.0,0,0,0,
2022-12-12 04:51:11,003,242637,0.0,0.0,0,0.0,0.0,0.0,0,0.0,0.0,0.0,0,0.0,0.0,0.0,0,0.0,0.0,0,0,0,
2022-12-12 04:56:15,001,279977,0.0,0.0,0,0.0,0.0,0.0,0,0.0,0.0,0.0,0,0.0,0.0,0.0,0,0.0,0.0,0,0,0,
2022-12-12 04:56:15,002,291996,0.0,0.0,0,0.0,0.0,0.0,0,0.0,0.0,0.0,0,0.0,0.0,0.0,0,0.0,0.0,0,0,0,
2022-12-12 04:56:15,003,242637,0.0,0.0,0,0.0,0.0,0.0,0,0.0,0.0,0.0,0,0.0,0.0,0.0,0,0.0,0.0,0,0,0,
2022-12-12 05:01:19,001,279977,0.0,0.0,0,0.0,0.0,0.0,0,0.0,0.0,0.0,0,0.0,0.0,0.0,0,0.0,0.0,0,0,0,
2022-12-12 05:01:19,002,291996,0.0,0.0,0,0.0,0.0,0.0,0,0.0,0.0,0.0,0,0.0,0.0,0.0,0,0.0,0.0,0,0,0,
2022-12-12 05:01:19,003,242637,0.0,0.0,0,0.0,0.0,0.0,0,0.0,0.0,0.0,0,0.0,0.0,0.0,0,0.0,0.0,0,0,0,
2022-12-12 05:06:24,001,279977,0.0,0.0,0,0.0,0.0,0.0,0,0.0,0.0,0.0,0,0.0,0.0,0.0,0,0.0,0.0,0,0,0,
2022-12-12 05:06:24,002,291996,0.0,0.0,0,0.0,0.0,0.0,0,0.0,0.0,0.0,0,0.0,0.0,0.0,0,0.0,0.0,0,0,0,
2022-12-12 05:06:24,003,242637,0.0,0.0,0,0.0,0.0,0.0,0,0.0,0.0,0.0,0,0.0,0.0,0.0,0,0.0,0.0,0,0,0,
2022-12-12 05:11:28,001,279977,0.0,0.0,0,0.0,0.0,0.0,0,0.0,0.0,0.0,0,0.0,0.0,0.0,0,0.0,0.0,0,0,0,
2022-12-12 05:11:28,002,291996,0.0,0.0,0,0.0,0.0,0.0,0,0.0,0.0,0.0,0,0.0,0.0,0.0,0,0.0,0.0,0,0,0,
2022-12-12 05:11:28,003,242637,0.0,0.0,0,0.0,0.0,0.0,0,0.0,0.0,0.0,0,0.0,0.0,0.0,0,0.0,0.0,0,0,0,
2022-12-12 05:16:32,001,279977,0.0,0.0,0,0.0,0.0,0.0,0,0.0,0.0,0.0,0,0.0,0.0,0.0,0,0.0,0.0,0,0,0,
2022-12-12 05:16:32,002,291996,0.0,0.0,0,0.0,0.0,0.0,0,0.0,0.0,0.0,0,0.0,0.0,0.0,0,0.0,0.0,0,0,0,
2022-12-12 05:16:32,003,242637,0.0,0.0,0,0.0,0.0,0.0,0,0.0,0.0,0.0,0,0.0,0.0,0.0,0,0.0,0.0,0,0,0,
2022-12-12 05:20:35,001,279977,0.0,0.0,0,0.0,0.0,0.0,0,0.0,0.0,0.0,0,0.0,0.0,0.0,0,0.0,0.0,0,0,0,
2022-12-12 05:20:35,002,291996,0.0,0.0,0,0.0,0.0,0.0,0,0.0,0.0,0.0,0,0.0,0.0,0.0,0,0.0,0.0,0,0,0,
2022-12-12 05:20:35,003,242637,0.0,0.0,0,0.0,0.0,0.0,0,0.0,0.0,0.0,0,0.0,0.0,0.0,0,0.0,0.0,0,0,0,
2022-12-12 05:25:39,001,279977,0.0,0.0,0,0.0,0.0,0.0,0,0.0,0.0,0.0,0,0.0,0.0,0.0,0,0.0,0.0,0,0,0,
2022-12-12 05:25:39,002,291996,0.0,0.0,0,0.0,0.0,0.0,0,0.0,0.0,0.0,0,0.0,0.0,0.0,0,0.0,0.0,0,0,0,
2022-12-12 05:25:39,003,242637,0.0,0.0,0,0.0,0.0,0.0,0,0.0,0.0,0.0,0,0.0,0.0,0.0,0,0.0,0.0,0,0,0,
2022-12-12 05:30:43,001,279977,0.0,0.0,0,0.0,0.0,0.0,0,0.0,0.0,0.0,0,0.0,0.0,0.0,0,0.0,0.0,0,0,0,
2022-12-12 05:30:43,002,291996,0.0,0.0,0,0.0,0.0,0.0,0,0.0,0.0,0.0,0,0.0,0.0,0.0,0,0.0,0.0,0,0,0,
2022-12-12 05:30:43,003,242637,0.0,0.0,0,0.0,0.0,0.0,0,0.0,0.0,0.0,0,0.0,0.0,0.0,0,0.0,0.0,0,0,0,
2022-12-12 05:35:47,001,279977,0.0,0.0,0,0.0,0.0,0.0,0,0.0,0.0,0.0,0,0.0,0.0,0.0,0,0.0,0.0,0,0,0,
2022-12-12 05:35:47,002,291996,0.0,0.0,0,0.0,0.0,0.0,0,0.0,0.0,0.0,0,0.0,0.0,0.0,0,0.0,0.0,0,0,0,
2022-12-12 05:35:47,003,242637,0.0,0.0,0,0.0,0.0,0.0,0,0.0,0.0,0.0,0,0.0,0.0,0.0,0,0.0,0.0,0,0,0,
2022-12-12 05:40:51,001,279977,0.0,0.0,0,0.0,0.0,0.0,0,0.0,0.0,0.0,0,0.0,0.0,0.0,0,0.0,0.0,0,0,0,
2022-12-12 05:40:51,002,291996,0.0,0.0,0,0.0,0.0,0.0,0,0.0,0.0,0.0,0,0.0,0.0,0.0,0,0.0,0.0,0,0,0,
2022-12-12 05:40:51,003,242637,0.0,0.0,0,0.0,0.0,0.0,0,0.0,0.0,0.0,0,0.0,0.0,0.0,0,0.0,0.0,0,0,0,
2022-12-12 05:45:55,001,279977,0.0,0.0,0,0.0,0.0,0.0,0,0.0,0.0,0.0,0,0.0,0.0,0.0,0,0.0,0.0,0,0,0,
2022-12-12 05:45:55,002,291996,0.0,0.0,0,0.0,0.0,0.0,0,0.0,0.0,0.0,0,0.0,0.0,0.0,0,0.0,0.0,0,0,0,
2022-12-12 05:45:55,003,242637,0.0,0.0,0,0.0,0.0,0.0,0,0.0,0.0,0.0,0,0.0,0.0,0.0,0,0.0,0.0,0,0,0,
2022-12-12 05:50:59,001,279977,0.0,0.0,0,0.0,0.0,0.0,0,0.0,0.0,0.0,0,0.0,0.0,0.0,0,0.0,0.0,0,0,0,
2022-12-12 05:50:59,002,291996,0.0,0.0,0,0.0,0.0,0.0,0,0.0,0.0,0.0,0,0.0,0.0,0.0,0,0.0,0.0,0,0,0,
2022-12-12 05:50:59,003,242637,0.0,0.0,0,0.0,0.0,0.0,0,0.0,0.0,0.0,0,0.0,0.0,0.0,0,0.0,0.0,0,0,0,
2022-12-12 05:56:04,001,279977,0.0,0.0,0,0.0,0.0,0.0,0,0.0,0.0,0.0,0,0.0,0.0,0.0,0,0.0,0.0,0,0,0,
2022-12-12 05:56:04,002,291996,0.0,0.0,0,0.0,0.0,0.0,0,0.0,0.0,0.0,0,0.0,0.0,0.0,0,0.0,0.0,0,0,0,
2022-12-12 05:56:04,003,242637,0.0,0.0,0,0.0,0.0,0.0,0,0.0,0.0,0.0,0,0.0,0.0,0.0,0,0.0,0.0,0,0,0,
2022-12-12 06:01:08,001,279977,0.0,0.0,0,0.0,0.0,0.0,0,0.0,0.0,0.0,0,0.0,0.0,0.0,0,0.0,0.0,0,0,0,
2022-12-12 06:01:08,002,291996,0.0,0.0,0,0.0,0.0,0.0,0,0.0,0.0,0.0,0,0.0,0.0,0.0,0,0.0,0.0,0,0,0,
2022-12-12 06:01:08,003,242637,0.0,0.0,0,0.0,0.0,0.0,0,0.0,0.0,0.0,0,0.0,0.0,0.0,0,0.0,0.0,0,0,0,
2022-12-12 06:06:12,001,279977,0.0,0.0,0,0.0,0.0,0.0,0,0.0,0.0,0.0,0,0.0,0.0,0.0,0,0.0,0.0,0,0,0,
2022-12-12 06:06:12,002,291996,0.0,0.0,0,0.0,0.0,0.0,0,0.0,0.0,0.0,0,0.0,0.0,0.0,0,0.0,0.0,0,0,0,
2022-12-12 06:06:12,003,242637,0.0,0.0,0,0.0,0.0,0.0,0,0.0,0.0,0.0,0,0.0,0.0,0.0,0,0.0,0.0,0,0,0,
2022-12-12 06:11:16,001,279977,0.0,0.0,0,0.0,0.0,0.0,0,0.0,0.0,0.0,0,0.0,0.0,0.0,0,0.0,0.0,0,0,0,
2022-12-12 06:11:16,002,291996,0.0,0.0,0,0.0,0.0,0.0,0,0.0,0.0,0.0,0,0.0,0.0,0.0,0,0.0,0.0,0,0,0,
2022-12-12 06:11:16,003,242637,0.0,0.0,0,0.0,0.0,0.0,0,0.0,0.0,0.0,0,0.0,0.0,0.0,0,0.0,0.0,0,0,0,
2022-12-12 06:16:20,001,279977,0.0,0.0,0,0.0,0.0,0.0,0,0.0,0.0,0.0,0,0.0,0.0,0.0,0,0.0,0.0,0,0,0,
2022-12-12 06:16:20,002,291996,0.0,0.0,0,0.0,0.0,0.0,0,0.0,0.0,0.0,0,0.0,0.0,0.0,0,0.0,0.0,0,0,0,
2022-12-12 06:16:20,003,242637,0.0,0.0,0,0.0,0.0,0.0,0,0.0,0.0,0.0,0,0.0,0.0,0.0,0,0.0,0.0,0,0,0,
2022-12-12 06:21:24,001,279977,0.0,0.0,0,0.0,0.0,0.0,0,0.0,0.0,0.0,0,0.0,0.0,0.0,0,0.0,0.0,0,0,0,
2022-12-12 06:21:24,002,291996,0.0,0.0,0,0.0,0.0,0.0,0,0.0,0.0,0.0,0,0.0,0.0,0.0,0,0.0,0.0,0,0,0,
2022-12-12 06:21:24,003,242637,0.0,0.0,0,0.0,0.0,0.0,0,0.0,0.0,0.0,0,0.0,0.0,0.0,0,0.0,0.0,0,0,0,
2022-12-12 06:26:28,001,279977,0.0,0.0,0,0.0,0.0,0.0,0,0.0,0.0,0.0,0,0.0,0.0,0.0,0,0.0,0.0,0,23,0,
2022-12-12 06:26:28,002,291996,0.0,0.0,0,0.0,0.0,0.0,0,0.0,0.0,0.0,0,0.0,0.0,0.0,0,0.0,0.0,0,24,0,
2022-12-12 06:26:28,003,242637,0.0,0.0,0,0.0,0.0,0.0,0,0.0,0.0,0.0,0,0.0,0.0,0.0,0,0.0,0.0,0,23,0,
2022-12-12 06:31:32,001,279977,0.0,0.0,0,0.0,0.0,0.0,0,0.0,0.0,0.0,0,0.0,0.0,0.0,0,0.0,0.0,0,26,1,
2022-12-12 06:31:32,002,291996,0.0,0.0,0,0.0,0.0,0.0,0,0.0,0.0,0.0,0,0.0,0.0,0.0,0,0.0,0.0,0,26,1,
2022-12-12 06:31:32,003,242637,0.0,0.0,0,0.0,0.0,0.0,0,0.0,0.0,0.0,0,0.0,0.0,0.0,0,0.0,0.0,0,25,1,
2022-12-12 06:36:37,001,279977,234.6,0.0,0,59.94,235.3,0.0,0,59.94,236.7,0.0,0,59.94,666.6,0.0,0,666.5,0.0,0,27,4,
2022-12-12 06:36:37,002,291996,234.6,0.0,0,59.95,235.1,0.0,0,59.95,236.7,0.0,0,59.95,728.9,0.0,0,637.3,0.0,0,27,4,
2022-12-12 06:36:37,003,242637,234.6,0.0,0,59.95,235.4,0.0,0,59.95,236.4,0.0,0,59.95,669.0,0.0,0,688.4,0.0,0,27,4,
2022-12-12 06:40:40,001,279977,235.2,3.21,20,60.03,236.2,3.28,70,60.03,237.4,0.0,0,60.03,534.9,0.3,190,539.3,0.3,170,29,7,
2022-12-12 06:40:40,002,291996,235.2,3.0,20,60.03,235.9,3.12,60,60.03,237.4,0.0,0,60.03,615.5,0.3,240,504.6,0.3,170,29,7,
2022-12-12 06:40:40,003,242637,235.1,0.0,0,60.03,236.2,3.29,30,60.03,237.1,0.0,0,60.03,566.6,0.3,180,573.4,0.2,140,28,7,
2022-12-12 06:45:45,001,279977,234.9,3.09,110,59.95,235.8,3.24,150,59.95,236.9,3.3,80,59.95,541.1,0.5,300,548.9,0.5,310,30,12,
2022-12-12 06:45:45,002,291996,235.0,3.05,120,59.95,235.7,3.18,160,59.95,237.0,3.21,90,59.95,618.1,0.5,370,531.9,0.5,270,31,12,
2022-12-12 06:45:45,003,242637,234.9,3.08,90,59.95,236.0,3.21,120,59.95,236.7,3.2,60,59.95,593.9,0.4,290,638.1,0.3,250,30,12,
2022-12-12 06:50:49,001,279977,235.3,2.98,150,60.04,235.7,3.14,210,60.04,237.5,3.22,140,60.04,574.5,0.6,400,557.5,0.7,400,32,15,
2022-12-12 06:50:49,002,291996,235.4,3.0,160,60.04,235.6,3.17,220,60.04,237.5,3.18,140,60.04,630.4,0.7,490,544.0,0.6,360,32,15,
2022-12-12 06:50:49,003,242637,235.3,3.01,140,60.04,235.8,3.17,200,60.04,237.2,3.18,120,60.04,600.0,0.6,390,647.6,0.5,330,32,15,
2022-12-12 06:55:53,001,279977,235.0,3.11,240,59.95,235.7,3.3,290,59.95,237.1,3.27,220,59.95,598.7,0.8,530,594.0,0.9,540,33,20,
2022-12-12 06:55:53,002,291997,235.1,3.07,280,59.95,235.6,3.25,320,59.95,237.2,3.22,260,59.95,654.3,1.0,660,556.1,0.8,470,33,20,
2022-12-12 06:55:53,003,242637,234.9,3.1,230,59.95,235.8,3.26,280,59.95,236.7,3.2,210,59.95,624.3,0.8,540,659.0,0.6,430,33,20,
2022-12-12 07:00:57,001,279978,235.2,3.2,350,59.96,235.6,3.39,400,59.96,237.2,3.33,340,59.96,598.8,1.1,660,630.5,1.1,720,33,25,
2022-12-12 07:00:57,002,291997,235.3,3.21,350,59.96,235.5,3.42,410,59.96,237.3,3.37,350,59.96,682.2,1.2,840,592.7,0.9,580,33,25,
2022-12-12 07:00:57,003,242637,235.1,3.11,310,59.96,235.8,3.31,370,59.96,236.9,3.27,300,59.96,636.5,1.0,660,653.7,0.8,530,33,25,
2022-12-12 07:06:01,001,279978,235.1,3.33,380,60.01,235.8,3.51,420,60.01,236.9,3.45,360,60.01,598.8,1.1,710,624.4,1.2,760,34,27,
2022-12-12 07:06:01,002,291997,235.2,3.45,400,60.01,235.7,3.58,450,60.01,237.0,3.5,390,60.01,694.3,1.3,920,592.7,1.0,650,34,27,
2022-12-12 07:06:01,003,242637,235.1,3.24,350,60.02,236.0,3.41,390,60.02,236.6,3.29,330,60.02,624.1,1.1,730,658.9,0.8,570,34,27,
2022-12-12 07:11:05,001,279978,234.6,3.9,630,60.05,235.6,4.11,670,60.05,236.7,4.0,610,60.05,601.8,1.7,1060,621.2,1.8,1130,34,39,
2022-12-12 07:11:05,002,291997,234.7,4.08,650,60.05,235.5,4.25,690,60.05,236.8,4.13,630,60.05,699.8,1.9,1360,606.4,1.5,950,34,39,
2022-12-12 07:11:05,003,242637,234.6,3.66,550,60.05,235.7,3.87,580,60.05,236.3,3.71,530,60.05,639.5,1.6,1070,658.2,1.2,830,34,39,
2022-12-12 07:16:09,001,279978,234.7,4.84,900,59.91,235.3,5.06,950,59.91,236.5,4.94,890,59.91,607.9,2.4,1460,642.8,2.4,1570,35,53,
2022-12-12 07:16:09,002,291997,234.7,4.84,860,59.92,235.2,5.03,910,59.92,236.5,4.92,850,59.92,712.2,2.4,1770,620.1,1.9,1210,35,53,
2022-12-12 07:16:09,003,242637,234.7,4.53,790,59.92,235.6,4.72,840,59.92,236.2,4.56,780,59.92,654.8,2.3,1540,671.0,1.8,1210,35,53,
2022-12-12 07:21:13,001,279978,234.7,5.03,960,60.04,235.5,5.21,1000,60.04,236.5,5.1,940,60.04,618.2,2.4,1520,660.6,2.4,1640,35,55,
2022-12-12 07:21:13,002,291997,234.9,4.93,890,60.04,235.4,5.09,930,60.04,236.6,4.98,880,60.04,706.2,2.5,1820,618.5,2.0,1240,35,55,
2022-12-12 07:21:13,003,242637,234.7,4.68,820,60.04,235.7,4.85,850,60.04,236.2,4.68,800,60.04,648.7,2.4,1570,681.5,1.8,1240,35,55,
2022-12-12 07:26:17,001,279979,234.6,5.79,1150,60.02,235.0,6.01,1200,60.02,236.3,5.89,1150,60.02,613.9,2.9,1790,660.3,2.9,1940,36,65,
2022-12-12 07:26:17,002,291997,234.6,5.68,1080,60.02,234.8,5.89,1140,60.02,236.4,5.79,1090,60.02,714.9,3.0,2180,627.8,2.3,1470,36,65,
2022-12-12 07:26:17,003,242637,234.5,5.26,1000,60.03,235.2,5.47,1050,60.03,236.0,5.3,990,60.03,657.8,2.8,1880,680.2,2.1,1470,36,65,
2022-12-12 07:31:22,001,279979,234.1,6.1,1240,60.02,235.0,6.25,1270,60.02,235.8,6.11,1220,60.02,621.2,3.0,1900,660.3,3.1,2050,37,69,
2022-12-12 07:31:22,002,291998,234.2,6.01,1170,60.02,235.0,6.16,1200,60.02,235.8,6.04,1150,60.02,727.1,3.2,2330,623.1,2.5,1560,36,69,
2022-12-12 07:31:22,003,242638,234.0,5.55,1070,60.02,235.3,5.7,1100,60.02,235.4,5.49,1050,60.02,655.8,3.0,1980,678.4,2.2,1550,36,69,
2022-12-12 07:36:26,001,279979,234.0,7.62,1630,60.08,234.9,7.77,1660,60.08,235.7,7.62,1610,60.08,626.1,3.9,2480,669.4,4.0,2690,37,88,
2022-12-12 07:36:26,002,291998,234.1,7.32,1510,60.08,234.8,7.45,1550,60.08,235.7,7.32,1510,60.08,724.5,4.0,2960,632.2,3.1,1980,37,88,
2022-12-12 07:36:26,003,242638,234.0,7.08,1440,60.08,235.2,7.22,1470,60.08,235.3,7.0,1410,60.08,662.9,3.9,2610,696.7,2.9,2050,37,88,
2022-12-12 07:41:30,001,279980,233.6,8.64,1890,59.96,234.5,8.8,1920,59.96,235.4,8.65,1880,59.96,631.0,4.5,2840,678.4,4.6,3130,37,108,
2022-12-12 07:41:30,002,291999,233.7,8.03,1710,59.96,234.3,8.18,1750,59.96,235.4,8.05,1700,59.96,730.2,4.5,3320,635.3,3.4,2200,37,108,
2022-12-12 07:41:30,003,242638,233.7,8.11,1710,59.96,234.7,8.28,1750,59.96,235.0,8.03,1690,59.96,667.9,4.5,3050,700.9,3.3,2380,37,108,
2022-12-12 07:46:34,001,279980,233.6,9.98,2190,60.06,234.6,10.16,2240,60.06,235.5,9.98,2190,60.06,630.8,5.2,3300,678.1,5.2,3570,38,116,
2022-12-12 07:46:34,002,291999,233.8,9.26,1980,60.06,234.6,9.41,2020,60.06,235.6,9.28,1970,60.06,730.2,5.2,3810,635.3,3.9,2530,38,116,
2022-12-12 07:46:34,003,242639,233.8,9.14,1960,60.06,234.9,9.31,2000,60.06,235.1,9.05,1940,60.06,670.0,5.2,3500,696.7,3.8,2690,38,116,
2022-12-12 07:51:38,001,279981,233.1,17.0,3890,59.98,234.1,17.14,3940,59.98,234.8,17.0,3910,59.98,640.2,7.2,4650,676.1,10.9,7430,38,235,
2022-12-12 07:51:38,002,292000,233.1,10.3,2300,59.98,233.9,10.43,2340,59.98,234.8,10.3,2300,59.98,732.2,6.5,4770,635.3,4.0,2550,38,235,
2022-12-12 07:51:38,003,242639,233.1,19.22,4410,59.98,234.3,19.35,4460,59.98,234.4,19.06,4420,59.98,673.0,11.8,8000,701.7,8.0,5630,39,235,
2022-12-12 07:55:41,001,279981,231.9,10.97,2460,59.91,232.6,11.1,2500,59.91,233.4,10.99,2480,59.91,586.7,6.1,3590,672.6,6.0,4100,39,130,
2022-12-12 07:55:41,002,292000,232.1,9.52,2100,59.91,232.6,9.63,2140,59.91,233.6,9.55,2110,59.91,732.3,5.5,4070,637.5,4.1,2640,39,130,
2022-12-12 07:55:41,003,242640,232.1,10.39,2300,59.91,232.9,10.54,2340,59.91,233.1,10.32,2300,59.91,660.9,6.1,4060,703.3,4.4,3160,39,130,
2022-12-12 08:00:45,001,279982,234.7,12.11,2770,59.9,235.1,12.26,2810,59.9,236.1,12.15,2790,59.9,589.7,6.8,4020,669.3,6.8,4610,40,143,
2022-12-12 08:00:45,002,292001,234.7,9.85,2200,59.9,235.1,9.97,2240,59.9,236.2,9.88,2210,59.9,732.5,5.8,4310,632.3,4.2,2700,40,143,
2022-12-12 08:00:45,003,242641,234.8,11.57,2620,59.9,235.5,11.7,2660,59.9,235.8,11.5,2620,59.9,670.0,6.9,4630,694.2,5.1,3550,40,143,
2022-12-12 08:05:49,001,279983,233.7,15.21,3490,59.96,234.5,15.38,3540,59.96,235.4,15.23,3510,59.96,568.5,8.7,4980,675.7,8.6,5830,40,196,
2022-12-12 08:05:49,002,292001,233.9,11.74,2660,59.96,234.6,11.86,2710,59.96,235.4,11.77,2670,59.96,741.8,7.0,5210,643.5,5.0,3220,40,196,
2022-12-12 08:05:49,003,242642,233.8,13.91,3180,59.96,234.9,14.06,3220,59.96,235.0,13.82,3180,59.96,676.1,8.1,5490,693.6,6.2,4360,41,196,
2022-12-12 08:10:53,001,279984,233.1,18.54,4260,59.96,233.5,18.73,4320,59.96,234.6,18.66,4310,59.96,586.7,10.6,6230,667.4,10.3,6930,41,202,
2022-12-12 08:10:53,002,292002,233.1,13.39,3050,59.96,233.4,13.53,3090,59.96,234.6,13.45,3070,59.96,735.9,8.1,5980,643.6,5.6,3620,41,202,
2022-12-12 08:10:53,003,242643,233.1,15.43,3520,59.96,233.7,15.63,3560,59.96,234.2,15.38,3530,59.96,665.5,9.4,6260,685.1,6.6,4580,42,202,
2022-12-12 08:15:57,001,279985,232.6,15.88,3650,60.05,233.8,15.99,3690,60.05,234.2,15.85,3670,60.05,586.7,9.1,5350,667.2,8.8,5920,42,192,
2022-12-12 08:15:57,002,292003,232.8,13.69,3120,60.05,233.9,13.73,3160,60.05,234.3,13.64,3120,60.05,732.4,8.1,5960,638.3,5.9,3820,42,192,
2022-12-12 08:15:57,003,242644,232.7,14.59,3320,60.05,234.3,14.67,3360,60.05,233.8,14.42,3310,60.05,656.3,8.7,5770,699.8,6.4,4510,43,192,
2022-12-12 08:21:01,001,279986,232.1,15.76,3610,59.95,233.2,15.88,3650,59.95,233.6,15.77,3620,59.95,584.7,9.0,5300,665.4,8.7,5820,42,191,
2022-12-12 08:21:01,002,292004,232.2,14.1,3210,59.95,233.0,14.17,3240,59.95,233.6,14.09,3200,59.95,735.4,8.2,6090,641.3,6.1,3920,43,191,
2022-12-12 08:21:01,003,242645,232.2,14.64,3310,59.95,233.5,14.74,3350,59.95,233.1,14.5,3300,59.95,654.8,8.7,5750,699.8,6.4,4520,43,191,
2022-12-12 08:26:05,001,279987,231.6,16.45,3760,59.95,232.8,16.49,3790,59.95,232.9,16.47,3770,59.95,623.1,8.9,5570,661.3,9.0,6010,42,194,
2022-12-12 08:26:05,002,292004,231.8,15.06,3420,59.96,232.7,15.08,3440,59.96,233.0,15.0,3410,59.96,732.1,8.8,6460,641.4,6.5,4220,43,194,
2022-12-12 08:26:05,003,242645,231.7,14.94,3390,59.95,233.2,15.0,3420,59.95,232.5,14.8,3380,59.95,656.3,8.9,5890,691.2,6.6,4590,43,194,
2022-12-12 08:31:10,001,279988,234.2,16.84,3910,59.97,235.0,16.95,3940,59.97,235.3,16.86,3930,59.97,628.1,9.2,5790,669.2,9.3,6260,42,201,
2022-12-12 08:31:10,002,292005,234.4,15.79,3650,59.97,235.0,15.83,3680,59.97,235.5,15.79,3650,59.97,732.0,9.3,6860,640.5,7.0,4540,43,201,
2022-12-12 08:31:10,003,242646,234.3,15.11,3490,59.97,235.4,15.21,3530,59.97,235.0,14.98,3480,59.97,653.5,9.2,6050,696.7,6.8,4740,44,201,
2022-12-12 08:36:14,001,279989,233.4,22.01,5100,59.97,234.3,22.13,5150,59.97,234.7,22.01,5130,59.97,620.2,11.8,7360,659.7,12.6,8320,42,245,
2022-12-12 08:36:14,002,292006,233.8,16.91,3910,59.97,234.5,16.97,3950,59.97,235.1,16.9,3920,59.97,729.3,10.4,7610,636.1,7.1,4570,42,245,
2022-12-12 08:36:14,003,242648,233.8,18.04,4160,59.97,234.8,18.16,4200,59.97,234.5,17.87,4160,59.97,656.4,11.2,7370,696.8,7.8,5460,44,245,
2022-12-12 08:41:18,001,279991,233.9,19.22,4450,59.96,235.0,19.33,4500,59.96,235.3,19.19,4470,59.96,620.0,10.6,6590,662.3,10.7,7110,43,233,
2022-12-12 08:41:18,002,292007,234.0,17.54,4060,59.96,235.0,17.57,4090,59.96,235.4,17.5,4060,59.96,732.3,10.4,7620,636.1,7.8,5020,42,233,
2022-12-12 08:41:18,003,242649,233.9,17.18,3970,59.97,235.3,17.25,4010,59.97,234.9,16.98,3960,59.97,650.2,10.5,6870,691.2,7.7,5370,44,233,
2022-12-12 08:46:22,001,279992,234.5,39.14,9160,59.99,235.6,39.33,9250,59.99,236.0,39.25,9230,59.99,620.0,21.7,13470,662.6,22.1,14650,43,431,
2022-12-12 08:46:22,002,292009,234.6,25.44,5940,60.0,235.6,25.48,5980,60.0,236.0,25.45,5950,60.0,732.7,16.8,12320,663.5,9.1,6090,43,431,
2022-12-12 08:46:22,003,242650,234.7,35.79,8380,60.0,236.0,35.89,8440,60.0,235.6,35.6,8390,60.0,657.8,21.8,14350,699.2,16.3,11420,45,431,
2022-12-12 08:51:26,001,279994,233.7,21.17,4900,60.0,234.9,21.27,4940,60.0,235.0,21.15,4920,60.0,617.0,11.7,7280,661.3,11.7,7770,43,255,
2022-12-12 08:51:26,002,292010,233.8,19.74,4570,60.0,234.9,19.75,4600,60.0,235.1,19.72,4570,60.0,726.5,11.7,8550,633.1,8.9,5690,43,255,
2022-12-12 08:51:26,003,242652,233.8,18.64,4300,60.0,235.2,18.69,4330,60.0,234.6,18.43,4280,60.0,645.7,11.5,7430,690.6,8.4,5830,45,255,
2022-12-12 08:56:30,001,279996,233.9,25.15,5840,60.01,234.7,25.27,5890,60.01,235.0,25.18,5880,60.01,611.0,14.3,8750,653.9,14.1,9270,43,286,
2022-12-12 08:56:30,002,292011,234.0,21.59,5000,60.01,234.6,21.64,5040,60.01,235.1,21.61,5010,60.01,726.7,12.9,9400,624.0,9.8,6170,43,286,
2022-12-12 08:56:30,003,242653,233.8,20.73,4790,60.01,234.8,20.78,4820,60.01,234.5,20.56,4780,60.01,642.6,12.9,8290,690.3,9.2,6410,46,286,
2022-12-12 09:01:34,001,279998,233.7,38.21,8900,60.03,234.6,38.4,8980,60.03,234.8,38.31,8960,60.03,623.0,21.3,13330,642.7,21.8,14050,44,391,
2022-12-12 09:01:34,002,292013,233.7,30.41,7080,60.03,234.5,30.48,7130,60.03,234.9,30.43,7100,60.03,729.2,18.3,13370,626.1,13.4,8420,43,391,
2022-12-12 09:01:34,003,242655,233.6,33.85,7890,60.03,234.7,33.9,7930,60.03,234.3,33.62,7880,60.03,642.7,20.9,13450,689.9,14.7,10180,47,391,
2022-12-12 09:06:38,001,279999,233.2,27.44,6360,60.01,234.2,27.55,6410,60.01,234.4,27.46,6400,60.01,612.8,15.7,9670,632.5,15.7,9950,45,303,
2022-12-12 09:06:38,002,292014,233.3,23.47,5430,60.0,234.1,23.51,5480,60.0,234.5,23.47,5440,60.0,720.3,14.2,10240,633.1,10.5,6650,44,303,
2022-12-12 09:06:38,003,242656,233.2,24.72,5700,60.0,234.4,24.76,5740,60.0,234.0,24.51,5690,60.0,647.0,15.1,9780,689.8,11.1,7670,47,303,
2022-12-12 09:11:42,001,280001,233.0,25.53,5900,59.99,233.7,25.65,5950,59.99,234.1,25.56,5940,59.99,609.1,14.6,8900,629.6,14.6,9250,45,288,
2022-12-12 09:11:42,002,292016,233.0,21.29,4930,60.0,233.5,21.35,4960,60.0,234.1,21.33,4940,60.0,717.6,12.9,9280,631.6,9.5,6060,44,288,
2022-12-12 09:11:42,003,242658,232.9,21.8,5020,60.0,233.6,21.89,5060,60.0,233.5,21.63,5020,60.0,642.6,13.5,8700,692.3,9.7,6730,48,288,
2022-12-12 09:15:45,001,280002,233.6,21.17,4900,59.99,234.5,21.25,4930,59.99,234.7,21.15,4910,59.99,610.4,12.2,7490,624.5,12.2,7640,45,235,
2022-12-12 09:15:45,002,292017,233.7,18.33,4220,59.98,234.4,18.37,4250,59.98,234.7,18.32,4230,59.98,722.1,10.9,7900,626.1,8.3,5230,45,235,
2022-12-12 09:15:45,003,242659,233.6,18.57,4270,59.99,234.6,18.62,4300,59.99,234.2,18.37,4260,59.99,644.7,11.2,7270,689.4,8.1,5600,48,235,
2022-12-12 09:20:49,001,280004,233.9,50.07,11670,59.93,234.8,50.3,11780,59.93,234.9,50.28,11760,59.93,614.5,28.9,17780,638.1,28.5,18200,46,548,
2022-12-12 09:20:49,002,292018,233.8,35.85,8350,59.93,234.6,35.9,8400,59.93,234.9,35.87,8370,59.93,726.4,21.9,15950,632.0,15.6,9910,45,548,
2022-12-12 09:20:49,003,242661,233.7,42.43,9900,59.93,234.8,42.48,9940,59.93,234.3,42.24,9890,59.93,645.7,26.3,17000,695.8,19.2,13390,49,548,
2022-12-12 09:25:53,001,280006,233.3,27.5,6380,60.0,234.5,27.57,6430,60.0,234.3,27.49,6410,60.0,604.9,15.8,9610,627.5,16.0,10040,47,355,
2022-12-12 09:25:53,002,292020,233.3,20.26,4670,60.01,234.3,20.26,4710,60.01,234.3,20.22,4670,60.01,730.9,12.2,8930,623.2,9.0,5610,46,355,
2022-12-12 09:25:53,003,242662,233.3,23.63,5470,60.0,234.7,23.63,5500,60.0,233.8,23.37,5440,60.0,649.6,14.3,9290,683.6,10.8,7440,49,355,
2022-12-12 09:30:57,001,280009,234.3,42.95,10030,59.99,235.5,43.1,10120,59.99,235.0,43.09,10090,59.99,607.3,25.0,15230,630.5,24.7,15590,48,465,
2022-12-12 09:30:57,002,292021,234.4,29.96,6990,59.99,235.3,29.93,7020,59.99,235.1,29.95,6990,59.99,705.7,19.0,13410,626.2,13.1,8210,46,465,
2022-12-12 09:30:57,003,242664,234.4,35.7,8340,59.99,235.7,35.71,8370,59.99,234.6,35.47,8310,59.99,646.4,22.1,14330,690.3,16.2,11240,50,465,
2022-12-12 09:36:02,001,280011,233.8,43.28,10100,60.02,234.6,43.48,10190,60.02,234.6,43.46,10170,60.02,602.4,25.5,15380,622.9,25.3,15770,49,472,
2022-12-12 09:36:02,002,292023,233.8,31.52,7340,60.02,234.4,31.54,7380,60.02,234.6,31.53,7350,60.02,693.2,20.1,13980,626.4,13.8,8700,47,472,
2022-12-12 09:36:02,003,242666,233.7,35.84,8340,60.03,234.6,35.86,8380,60.03,234.1,35.63,8330,60.03,642.6,22.2,14300,683.4,16.3,11200,51,472,
2022-12-12 09:41:06,001,280014,233.7,43.45,10120,60.02,234.6,43.64,10210,60.02,234.6,43.61,10180,60.02,607.9,25.3,15390,626.0,25.2,15780,50,473,
2022-12-12 09:41:06,002,292025,233.6,33.13,7710,60.02,234.4,33.15,7750,60.02,234.5,33.15,7720,60.02,704.5,20.3,14310,626.0,15.2,9530,48,473,
2022-12-12 09:41:06,003,242669,233.5,35.63,8300,60.02,234.6,35.7,8330,60.02,233.9,35.4,8270,60.02,634.2,22.4,14250,686.2,16.3,11200,53,473,
2022-12-12 09:46:10,001,280016,233.9,45.68,10650,60.04,234.8,45.89,10740,60.04,234.8,45.85,10730,60.04,596.3,27.2,16230,624.4,26.6,16660,51,500,
2022-12-12 09:46:10,002,292027,234.0,36.11,8410,60.04,234.8,36.13,8450,60.04,234.9,36.13,8430,60.04,694.2,22.0,15320,626.1,17.0,10680,49,500,
2022-12-12 09:46:10,003,242671,233.6,37.3,8680,60.04,234.6,37.33,8720,60.04,234.0,37.1,8670,60.04,635.8,23.4,14920,684.0,17.1,11700,54,500,
2022-12-12 09:51:14,001,280019,234.0,38.1,8890,60.03,234.8,38.25,8950,60.03,234.9,38.21,8940,60.03,616.5,21.7,13390,632.0,21.8,13830,53,441,
2022-12-12 09:51:14,002,292029,234.0,32.5,7570,60.03,234.7,32.52,7620,60.03,235.0,32.52,7590,60.03,703.2,19.6,13820,623.1,15.4,9610,50,441,
2022-12-12 09:51:14,003,242673,233.9,32.71,7630,60.03,234.8,32.73,7660,60.03,234.3,32.5,7610,60.03,629.8,20.6,13020,677.9,15.2,10310,55,441,
2022-12-12 09:56:18,001,280022,233.7,49.85,11620,60.06,234.6,50.09,11720,60.06,234.6,50.07,11710,60.06,623.5,28.4,17730,620.0,29.2,18160,54,548,
2022-12-12 09:56:18,002,292031,233.7,40.6,9450,60.06,234.5,40.61,9500,60.06,234.6,40.61,9470,60.06,703.2,24.5,17280,620.2,19.3,11970,51,548,
2022-12-12 09:56:18,003,242675,233.6,40.11,9350,60.06,234.7,40.13,9390,60.06,234.1,39.9,9340,60.06,633.5,25.3,16050,680.7,18.5,12630,56,548,
2022-12-12 10:01:22,001,280025,236.1,33.14,7780,60.03,236.8,33.29,7830,60.03,236.8,33.24,7820,60.03,611.1,18.8,11500,627.7,19.6,12330,55,415,
2022-12-12 10:01:22,002,292034,236.3,27.23,6390,60.02,236.8,27.23,6420,60.02,237.0,27.24,6390,60.02,690.7,17.1,11880,626.0,12.5,7870,52,415,
2022-12-12 10:01:22,003,242677,236.1,29.73,6970,60.03,237.0,29.75,7000,60.03,236.3,29.5,6940,60.03,630.2,18.2,11470,673.4,14.4,9740,57,415,
2022-12-12 10:06:26,001,280027,237.1,55.61,13160,60.02,237.7,55.88,13260,60.02,237.7,55.9,13250,60.02,599.1,33.5,20090,631.8,32.5,20580,55,614,
2022-12-12 10:06:26,002,292036,237.1,47.01,11130,60.02,237.6,47.04,11170,60.02,237.7,47.08,11150,60.02,703.1,28.8,20260,623.2,22.6,14120,53,614,
2022-12-12 10:06:26,003,242679,237.0,44.62,10560,60.02,237.7,44.67,10590,60.02,237.2,44.44,10540,60.02,636.0,28.4,18070,677.7,20.9,14220,57,614,
2022-12-12 10:11:30,001,280029,235.6,18.28,4250,59.95,236.4,18.36,4280,59.95,236.4,18.27,4270,59.95,595.4,10.6,6350,630.5,10.6,6730,56,212,
2022-12-12 10:11:30,002,292037,235.6,17.4,4060,59.95,236.3,17.42,4080,59.95,236.4,17.37,4050,59.95,700.9,10.7,7520,614.0,8.2,5080,53,212,
2022-12-12 10:11:30,003,242681,235.4,15.07,3500,59.95,236.4,15.1,3510,59.95,235.8,14.88,3470,59.95,621.3,9.6,5990,662.0,7.0,4650,58,212,
2022-12-12 10:16:34,001,280031,236.1,26.04,6110,60.01,237.1,26.12,6150,60.01,236.8,26.08,6140,60.01,617.0,14.6,9040,639.6,15.2,9750,56,311,
2022-12-12 10:16:34,002,292039,236.1,23.92,5600,60.01,237.0,23.88,5630,60.01,236.9,23.91,5590,60.01,698.0,14.7,10330,620.2,11.3,7010,53,311,
2022-12-12 10:16:34,003,242682,236.0,21.69,5080,60.02,237.3,21.68,5090,60.02,236.3,21.47,5050,60.02,629.9,13.7,8670,677.6,10.0,6820,58,311,
2022-12-12 10:21:38,001,280033,235.8,30.29,7100,59.94,236.5,30.43,7150,59.94,236.6,30.4,7140,59.94,598.4,17.9,10750,642.7,17.2,11060,56,306,
2022-12-12 10:21:38,002,292041,236.0,27.21,6380,59.94,236.5,27.21,6400,59.94,236.7,27.23,6380,59.94,694.8,16.5,11510,620.1,13.2,8210,53,306,
2022-12-12 10:21:38,003,242684,235.7,23.93,5600,59.94,236.5,23.96,5620,59.94,235.9,23.74,5580,59.94,632.8,15.1,9580,682.8,11.0,7540,58,306,
2022-12-12 10:26:42,001,280035,236.9,31.62,7450,60.02,237.5,31.74,7500,60.02,237.4,31.72,7490,60.02,604.8,18.5,11230,643.9,18.1,11660,56,360,
2022-12-12 10:26:42,002,292043,236.9,27.91,6570,60.02,237.4,27.91,6600,60.02,237.4,27.94,6580,60.02,710.5,16.9,12060,620.2,13.3,8280,53,360,
2022-12-12 10:26:42,003,242686,236.8,25.4,5970,60.02,237.6,25.42,5980,60.02,236.9,25.18,5940,60.02,640.2,15.9,10230,685.6,11.6,7980,58,360,
2022-12-12 10:31:46,001,280038,237.6,34.7,8210,60.03,238.3,34.83,8270,60.03,238.2,34.81,8250,60.03,595.7,20.7,12360,644.1,20.8,13410,56,451,
2022-12-12 10:31:46,002,292045,237.6,29.86,7070,60.03,238.3,29.86,7100,60.03,238.3,29.89,7070,60.03,714.2,18.9,13510,617.0,14.7,9080,53,451,
2022-12-12 10:31:46,003,242688,237.6,29.37,6940,60.03,238.4,29.37,6970,60.03,237.7,29.15,6920,60.03,630.4,18.6,11780,682.7,13.8,9450,58,451,
2022-12-12 10:36:50,001,280041,237.6,56.46,13400,59.95,238.5,56.7,13520,59.95,238.1,56.78,13490,59.95,589.7,34.0,20100,630.5,33.8,21340,56,570,
2022-12-12 10:36:50,002,292048,237.7,49.13,11670,59.95,238.5,49.11,11710,59.95,238.2,49.17,11680,59.95,702.1,30.5,21470,611.1,23.9,14610,54,570,
2022-12-12 10:36:50,003,242690,237.5,43.09,10220,59.95,238.6,43.07,10250,59.95,237.6,42.88,10190,59.95,630.5,28.2,17810,677.3,20.6,13970,58,570,
2022-12-12 10:40:53,001,280043,236.6,21.78,5110,59.98,237.2,21.84,5140,59.98,237.1,21.78,5120,59.98,592.7,12.7,7580,632.8,12.8,8120,57,355,
2022-12-12 10:40:53,002,292050,236.6,20.28,4750,59.98,237.2,20.27,4770,59.98,237.2,20.27,4750,59.98,700.8,12.5,8810,604.9,9.8,5930,54,355,
2022-12-12 10:40:53,003,242692,236.6,18.24,4260,59.98,237.4,18.26,4280,59.98,236.6,18.06,4240,59.98,618.4,11.8,7300,668.9,8.5,5700,58,355,
2022-12-12 10:45:58,001,280045,236.7,19.37,4530,60.0,237.3,19.47,4570,60.0,237.4,19.41,4560,60.0,593.1,11.3,6760,628.2,11.4,7180,57,225,
2022-12-12 10:45:58,002,292051,236.7,18.34,4290,60.0,237.2,18.36,4310,60.0,237.4,18.33,4280,60.0,692.8,11.4,7920,598.8,8.9,5370,54,225,
2022-12-12 10:45:58,003,242693,236.6,16.1,3760,60.0,237.4,16.14,3770,60.0,236.8,15.95,3740,60.0,624.5,10.3,6440,664.5,7.5,5020,59,225,
2022-12-12 10:51:02,001,280047,238.8,57.29,13650,60.0,239.4,57.56,13760,60.0,239.3,57.6,13750,60.0,592.7,34.4,20390,636.6,34.2,21780,57,647,
2022-12-12 10:51:02,002,292054,238.8,50.94,12160,60.0,239.4,50.96,12210,60.0,239.3,51.01,12180,60.0,709.1,31.4,22310,614.8,24.9,15330,55,647,
2022-12-12 10:51:02,003,242695,238.6,44.29,10550,60.0,239.4,44.3,10570,60.0,238.6,44.09,10520,60.0,633.7,28.4,18050,678.8,20.9,14210,59,647,
2022-12-12 10:56:07,001,280051,239.4,56.26,13440,59.96,239.9,56.55,13540,59.96,239.9,56.59,13530,59.96,584.2,34.4,20100,630.5,34.0,21450,58,654,
2022-12-12 10:56:07,002,292057,239.4,50.69,12130,59.96,239.9,50.71,12160,59.96,239.9,50.76,12150,59.96,702.1,31.7,22270,602.7,25.2,15200,55,654,
2022-12-12 10:56:07,003,242698,239.2,43.41,10360,59.96,239.9,43.44,10380,59.96,239.3,43.26,10330,59.96,624.3,28.3,17720,674.3,20.7,13960,59,654,
2022-12-12 11:01:11,001,280054,237.8,52.31,12390,59.97,238.6,52.55,12500,59.97,238.3,52.56,12470,59.97,581.2,32.1,18680,633.0,30.8,19540,58,577,
2022-12-12 11:01:11,002,292060,237.8,48.33,11470,59.97,238.6,48.34,11520,59.97,238.4,48.38,11490,59.97,696.0,30.1,20950,605.8,23.9,14520,56,577,
2022-12-12 11:01:11,003,242700,237.6,41.11,9730,59.97,238.7,41.11,9760,59.97,237.8,40.9,9700,59.97,624.1,26.5,16560,663.0,19.8,13160,57,577,
2022-12-12 11:06:15,001,280058,239.8,55.23,13220,60.0,240.4,55.47,13320,60.0,240.2,55.53,13290,60.0,583.1,33.8,19740,621.4,33.9,21120,60,647,
2022-12-12 11:06:15,002,292063,240.0,50.36,12070,60.0,240.5,50.36,12110,60.0,240.4,50.41,12080,60.0,696.6,31.8,22160,599.7,25.1,15110,57,647,
2022-12-12 11:06:15,003,242703,239.6,42.39,10110,60.0,240.4,42.37,10130,60.0,239.5,42.2,10080,60.0,621.4,27.7,17220,663.6,20.5,13640,55,647,
2022-12-12 11:11:19,001,280061,239.3,55.74,13290,60.02,239.8,56.0,13390,60.02,239.9,56.04,13390,60.02,580.0,34.2,19890,621.3,34.1,21190,55,649,
2022-12-12 11:11:19,002,292066,239.6,50.76,12140,60.02,240.0,50.79,12180,60.02,240.2,50.82,12160,60.02,688.7,32.3,22250,604.9,25.1,15240,58,649,
2022-12-12 11:11:19,003,242705,239.4,42.11,10040,60.02,240.1,42.12,10060,60.02,239.6,41.92,10020,60.02,612.6,27.9,17100,660.3,20.4,13510,55,649,
2022-12-12 11:16:24,001,280064,240.5,55.97,13420,59.97,241.3,56.23,13540,59.97,241.1,56.27,13520,59.97,583.6,34.3,20070,621.3,34.6,21500,54,658,
2022-12-12 11:16:24,002,292069,240.7,51.12,12270,59.97,241.3,51.13,12320,59.97,241.2,51.16,12290,59.97,691.4,32.6,22570,598.8,25.6,15340,58,658,
2022-12-12 11:16:24,003,242708,240.5,41.98,10040,59.97,241.5,41.97,10080,59.97,240.7,41.77,10030,59.97,612.2,28.0,17170,658.9,20.6,13580,55,658,
2022-12-12 11:21:28,001,280067,240.6,51.05,12230,59.99,241.4,51.27,12330,59.99,241.1,51.29,12300,59.99,586.7,31.4,18470,629.8,30.5,19270,54,534,
2022-12-12 11:21:28,002,292071,240.7,50.73,12190,59.99,241.3,50.75,12230,59.99,241.2,50.79,12200,59.99,693.3,31.8,22050,607.9,25.6,15570,59,534,
2022-12-12 11:21:28,003,242710,240.5,40.3,9650,59.99,241.5,40.32,9690,59.99,240.6,40.11,9630,59.99,618.2,26.3,16320,670.6,19.7,13240,55,534,
2022-12-12 11:26:32,001,280070,240.9,59.28,14230,60.01,241.6,59.57,14350,60.01,241.3,59.62,14330,60.01,583.6,36.5,21340,627.1,36.2,22740,54,694,
2022-12-12 11:26:32,002,292075,241.1,55.16,13270,60.01,241.6,55.2,13310,60.01,241.6,55.25,13280,60.01,691.3,35.2,24360,601.8,27.6,16630,60,694,
2022-12-12 11:26:32,003,242713,241.0,44.3,10630,60.01,241.8,44.31,10650,60.01,241.0,44.13,10600,60.01,617.9,29.4,18170,663.2,21.6,14370,56,694,
2022-12-12 11:31:36,001,280074,237.6,40.96,9690,59.95,238.4,41.11,9760,59.95,238.2,41.1,9740,59.95,578.4,24.9,14410,630.6,25.2,15920,54,503,
2022-12-12 11:31:36,002,292078,237.9,43.19,10230,59.95,238.6,43.19,10270,59.95,238.4,43.22,10240,59.95,696.9,27.2,18960,603.8,20.9,12650,56,503,
2022-12-12 11:31:36,003,242715,237.7,36.8,8710,59.95,238.7,36.79,8730,59.95,237.8,36.59,8670,59.95,614.8,23.9,14730,661.8,17.7,11760,56,503,
2022-12-12 11:36:40,001,280077,238.1,60.72,14420,60.03,238.6,61.03,14530,60.03,238.7,61.07,14520,60.03,581.3,37.0,21530,627.5,36.8,23120,55,705,
2022-12-12 11:36:40,002,292081,238.2,56.78,13490,60.03,238.7,56.82,13520,60.03,238.9,56.88,13520,60.03,694.0,35.8,24880,600.8,27.9,16810,54,705,
2022-12-12 11:36:40,003,242718,238.0,45.06,10680,60.03,238.7,45.08,10700,60.03,238.1,44.91,10660,60.03,618.3,29.4,18190,659.2,21.9,14440,57,705,
2022-12-12 11:41:44,001,280081,238.1,60.42,14340,60.03,239.0,60.71,14460,60.03,238.7,60.74,14440,60.03,585.9,36.6,21500,624.8,36.5,22850,55,707,
2022-12-12 11:41:44,002,292085,238.2,58.13,13820,60.03,238.9,58.15,13870,60.03,238.8,58.21,13840,60.03,694.0,36.5,25350,596.8,29.1,17390,53,707,
2022-12-12 11:41:44,003,242721,238.0,45.31,10750,60.03,239.0,45.33,10780,60.03,238.1,45.13,10720,60.03,615.2,29.7,18280,659.1,22.0,14550,57,707,
2022-12-12 11:46:48,001,280084,239.2,55.41,13210,60.0,239.8,55.69,13320,60.0,239.7,55.72,13310,60.0,583.6,33.6,19630,630.5,33.7,21270,56,639,
2022-12-12 11:46:48,002,292088,239.2,54.01,12880,59.99,239.8,54.03,12920,59.99,239.8,54.08,12900,59.99,695.0,33.8,23510,598.8,27.2,16300,54,639,
2022-12-12 11:46:48,003,242723,239.0,40.87,9720,60.0,239.8,40.9,9750,60.0,239.1,40.7,9690,60.0,618.2,26.9,16670,657.2,19.7,13000,57,639,
2022-12-12 11:51:52,001,280088,239.0,64.05,15270,59.95,239.6,64.37,15380,59.95,239.6,64.42,15380,59.95,604.8,37.8,22890,624.0,39.0,24340,56,756,
2022-12-12 11:51:52,002,292091,239.1,62.79,14990,59.95,239.6,62.85,15040,59.95,239.8,62.89,15030,59.95,693.0,39.6,27490,596.8,31.6,18880,54,756,
2022-12-12 11:51:52,003,242726,238.9,47.59,11340,59.95,239.5,47.63,11370,59.95,239.0,47.45,11320,59.95,614.6,31.3,19260,661.8,23.1,15340,57,756,
2022-12-12 11:55:55,001,280091,239.1,42.4,10100,60.02,239.7,42.59,10180,60.02,239.7,42.59,10170,60.02,592.7,25.0,14850,618.3,26.2,16250,56,521,
2022-12-12 11:55:55,002,292094,239.2,44.56,10650,60.03,239.7,44.57,10680,60.03,239.8,44.61,10660,60.03,689.1,28.9,19930,595.7,21.7,12930,54,521,
2022-12-12 11:55:55,003,242727,239.0,35.83,8530,60.02,239.8,35.85,8550,60.02,239.2,35.65,8500,60.02,616.3,23.1,14290,658.0,17.7,11710,58,521,
2022-12-12 12:00:59,001,280093,239.1,65.52,15630,60.04,239.8,65.88,15770,60.04,239.9,65.91,15750,60.04,588.1,38.7,22810,617.7,40.0,24750,55,737,
2022-12-12 12:00:59,002,292096,239.3,65.76,15700,60.04,239.9,65.83,15760,60.04,240.1,65.88,15740,60.04,701.4,41.2,28950,598.6,32.8,19670,54,737,
2022-12-12 12:00:59,003,242729,239.1,47.96,11430,60.04,240.0,48.01,11460,60.04,239.3,47.8,11420,60.04,621.4,31.4,19540,657.2,23.6,15550,57,737,
2022-12-12 12:06:04,001,280097,238.9,54.43,12940,59.94,239.5,54.71,13040,59.94,239.8,54.74,13040,59.94,580.6,33.1,19270,624.3,33.1,20720,55,632,
2022-12-12 12:06:04,002,292100,239.1,55.97,13340,59.94,239.4,56.01,13380,59.94,239.8,56.06,13380,59.94,691.6,35.5,24610,603.3,27.5,16610,54,632,
2022-12-12 12:06:04,003,242732,238.9,39.9,9490,59.94,239.7,39.96,9520,59.94,239.3,39.74,9480,59.94,617.1,26.2,16210,665.3,19.2,12840,57,632,
2022-12-12 12:11:08,001,280099,238.3,31.78,7520,59.95,239.1,31.96,7590,59.95,239.3,31.89,7570,59.95,585.1,19.2,11250,624.4,19.1,11960,55,389,
2022-12-12 12:11:08,002,292102,238.6,33.37,7930,59.95,239.1,33.4,7960,59.95,239.5,33.42,7940,59.95,695.0,20.8,14480,601.8,16.6,10010,53,389,
2022-12-12 12:11:08,003,242734,238.3,25.02,5880,59.95,239.2,25.05,5900,59.95,238.8,24.81,5860,59.95,622.3,16.1,10040,661.9,11.9,7920,57,389,
2022-12-12 12:16:12,001,280102,238.6,38.2,9060,59.92,239.2,38.41,9130,59.92,239.6,38.37,9130,59.92,594.5,22.6,13450,636.6,22.7,14460,54,451,
2022-12-12 12:16:12,002,292104,238.7,37.89,8990,59.92,239.1,37.93,9020,59.92,239.6,37.95,9010,59.92,698.4,23.7,16580,607.9,18.4,11210,52,451,
2022-12-12 12:16:12,003,242735,238.6,27.62,6530,59.92,239.2,27.7,6560,59.92,239.0,27.46,6520,59.92,625.5,17.8,11190,671.1,12.9,8710,56,451,
2022-12-12 12:21:16,001,280104,238.8,48.84,11620,60.0,239.3,49.11,11720,60.0,239.6,49.1,11710,60.0,603.3,28.9,17450,645.8,28.6,18470,53,561,
2022-12-12 12:21:16,002,292106,239.1,48.23,11510,60.01,239.6,48.28,11550,60.01,240.0,48.31,11540,60.01,704.3,29.9,21090,609.3,23.8,14540,51,561,
2022-12-12 12:21:16,003,242737,238.7,34.42,8160,60.0,239.4,34.48,8190,60.0,239.1,34.25,8150,60.0,630.5,22.0,13890,672.2,16.4,11030,55,561,
2022-12-12 12:26:20,001,280107,238.1,36.4,8620,59.98,238.7,36.6,8680,59.98,238.9,36.56,8680,59.98,594.4,21.4,12750,640.0,21.5,13770,52,467,
2022-12-12 12:26:20,002,292110,238.2,36.92,8750,59.98,238.7,36.94,8780,59.98,239.0,36.96,8760,59.98,698.9,23.2,16220,615.6,17.5,10810,51,467,
2022-12-12 12:26:20,003,242739,238.0,26.95,6360,59.98,238.8,27.01,6390,59.98,238.4,26.77,6340,59.98,624.3,17.4,10870,672.1,12.6,8500,54,467,
2022-12-12 12:31:24,001,280109,238.1,43.28,10260,60.02,238.9,43.49,10350,60.02,239.1,43.44,10330,60.02,601.8,25.9,15590,636.0,25.2,16040,52,434,
2022-12-12 12:31:24,002,292112,238.2,42.2,10010,60.02,238.9,42.23,10050,60.02,239.2,42.25,10040,60.02,695.6,26.0,18150,603.9,21.1,12800,50,434,
2022-12-12 12:31:24,003,242741,238.0,28.03,6620,60.02,239.0,28.06,6650,60.02,238.5,27.83,6600,60.02,633.7,18.1,11500,668.3,13.0,8710,54,434,
2022-12-12 12:36:28,001,280111,238.3,37.6,8920,60.02,239.0,37.78,8990,60.02,239.2,37.75,8980,60.02,603.4,22.3,13490,645.2,21.6,13980,51,480,
2022-12-12 12:36:28,002,292114,238.5,42.92,10200,60.02,239.0,42.95,10240,60.02,239.3,42.99,10230,60.02,701.3,26.0,18270,609.6,21.7,13260,50,480,
2022-12-12 12:36:28,003,242742,238.3,30.47,7210,60.02,239.0,30.52,7240,60.02,238.6,30.27,7200,60.02,630.4,19.0,11990,674.2,14.8,10000,53,480,
2022-12-12 12:41:32,001,280114,237.8,40.04,9470,60.0,238.5,40.26,9550,60.0,238.7,40.2,9530,60.0,639.4,21.6,13870,621.6,24.3,15120,51,532,
2022-12-12 12:41:32,002,292117,238.2,52.1,12370,60.0,238.6,52.16,12410,60.0,239.0,52.17,12400,60.0,694.5,32.4,22530,600.3,26.1,15670,52,532,
2022-12-12 12:41:32,003,242744,237.9,37.22,8800,60.0,238.7,37.29,8830,60.0,238.3,37.04,8780,60.0,626.0,23.4,14680,672.1,18.0,12150,53,532,
2022-12-12 12:46:36,001,280117,238.0,62.94,14940,59.97,238.7,63.27,15070,59.97,238.9,63.3,15070,59.97,648.7,35.1,22770,633.5,37.0,23470,51,722,
2022-12-12 12:46:36,002,292120,238.2,63.52,15100,59.96,238.7,63.58,15150,59.96,239.0,63.61,15150,59.96,689.1,40.2,27710,606.7,31.3,19010,55,722,
2022-12-12 12:46:36,003,242746,237.8,42.67,10110,59.96,238.7,42.73,10150,59.96,238.3,42.51,10110,59.96,631.6,27.1,17160,665.2,20.7,13780,53,722,
2022-12-12 12:51:40,001,280120,237.0,22.47,5240,60.02,237.6,22.6,5280,60.02,238.0,22.52,5270,60.02,632.2,12.5,7940,629.9,12.9,8170,52,277,
2022-12-12 12:51:40,002,292123,237.3,23.37,5470,60.02,237.6,23.42,5500,60.02,238.2,23.4,5470,60.02,679.3,14.7,10010,597.6,11.5,6920,57,277,
2022-12-12 12:51:40,003,242749,236.9,16.5,3810,60.02,237.7,16.59,3840,60.02,237.5,16.37,3800,60.02,631.6,10.3,6540,667.1,7.6,5130,54,277,
2022-12-12 12:56:44,001,280121,235.2,15.48,3570,60.01,235.8,15.6,3600,60.01,236.1,15.49,3590,60.01,649.0,8.2,5370,633.5,8.9,5670,51,188,
2022-12-12 12:56:44,002,292124,235.3,17.21,3970,60.01,235.8,17.25,4000,60.01,236.2,17.2,3980,60.01,685.4,10.6,7330,598.8,8.3,5020,58,188,
2022-12-12 12:56:44,003,242749,235.1,12.34,2830,60.01,236.0,12.42,2850,60.01,235.6,12.21,2810,60.01,624.4,7.8,4900,671.0,5.6,3780,53,188,
2022-12-12 13:01:48,001,280122,234.2,16.56,3790,59.93,234.8,16.66,3830,59.93,235.0,16.57,3810,59.93,658.0,8.6,5710,645.7,9.3,6010,50,201,
2022-12-12 13:01:48,002,292126,234.4,18.34,4220,59.93,234.8,18.39,4250,59.93,235.2,18.35,4220,59.93,703.8,11.0,7810,611.0,8.6,5310,58,201,
2022-12-12 13:01:48,003,242750,234.1,13.61,3080,59.93,234.9,13.69,3100,59.93,234.5,13.5,3060,59.93,634.6,8.3,5320,674.2,6.1,4140,52,201,
2022-12-12 13:06:52,001,280123,233.3,19.03,4380,59.94,234.0,19.13,4410,59.94,234.2,19.04,4390,59.94,660.8,9.9,6560,648.7,10.6,6910,52,228,
2022-12-12 13:06:52,002,292127,233.4,21.42,4950,59.94,233.9,21.5,4980,59.94,234.3,21.44,4960,59.94,712.9,12.8,9180,610.9,10.1,6210,57,228,
2022-12-12 13:06:52,003,242751,233.1,15.03,3420,59.94,234.0,15.12,3440,59.94,233.6,14.86,3400,59.94,636.5,9.2,5900,680.2,6.7,4590,50,228,
2022-12-12 13:10:56,001,280124,233.4,25.68,5920,59.91,234.0,25.83,5970,59.91,234.2,25.73,5960,59.91,672.7,13.2,8900,651.8,14.3,9360,53,301,
2022-12-12 13:10:56,002,292128,233.6,28.32,6570,59.91,233.9,28.38,6610,59.91,234.4,28.37,6580,59.91,716.4,16.9,12110,623.8,13.2,8280,57,301,
2022-12-12 13:10:56,003,242752,233.2,19.15,4390,59.91,234.1,19.24,4420,59.91,233.7,18.99,4390,59.91,645.7,11.7,7570,689.5,8.5,5900,50,301,
2022-12-12 13:16:00,001,280126,234.1,27.34,6340,60.05,234.5,27.51,6380,60.05,234.7,27.41,6370,60.05,677.7,13.8,9370,657.8,15.4,10150,54,315,
2022-12-12 13:16:00,002,292129,234.2,29.57,6880,60.05,234.5,29.63,6920,60.05,234.9,29.63,6890,60.05,713.5,17.7,12660,625.5,13.8,8660,56,315,
2022-12-12 13:16:00,003,242753,233.9,20.06,4630,60.05,234.6,20.11,4650,60.05,234.2,19.87,4610,60.05,651.8,12.2,7990,683.3,9.0,6200,52,315,
2022-12-12 13:21:04,001,280128,233.4,25.64,5920,59.96,234.0,25.76,5960,59.96,234.2,25.65,5940,59.96,679.6,12.7,8640,655.7,14.6,9600,54,301,
2022-12-12 13:21:04,002,292132,233.7,27.89,6470,59.96,234.0,27.94,6500,59.96,234.4,27.93,6480,59.96,709.8,16.8,11940,620.1,13.0,8110,55,301,
2022-12-12 13:21:04,003,242754,233.3,19.32,4420,59.96,234.1,19.37,4450,59.96,233.6,19.14,4410,59.96,642.6,11.8,7640,682.8,8.6,5920,54,301,
2022-12-12 13:26:08,001,280131,234.9,59.77,14020,59.95,235.6,60.12,14150,59.95,235.6,60.11,14130,59.95,662.5,32.0,21240,645.7,34.3,22190,55,696,
2022-12-12 13:26:08,002,292135,235.1,61.31,14400,59.95,235.7,61.38,14460,59.95,235.8,61.42,14440,59.95,707.5,37.5,26570,617.0,29.3,18110,55,696,
2022-12-12 13:26:08,003,242756,234.7,38.16,8930,59.96,235.7,38.14,8940,59.96,235.0,37.9,8890,59.96,642.6,23.5,15140,686.7,17.6,12130,55,696,
2022-12-12 13:31:12,001,280134,235.6,59.12,13890,60.07,236.3,59.42,14010,60.07,236.4,59.42,13990,60.07,653.4,32.2,21040,637.5,34.3,21890,55,678,
2022-12-12 13:31:12,002,292138,235.7,61.88,14560,60.07,236.3,61.96,14610,60.07,236.3,61.97,14590,60.07,701.4,38.4,26950,607.9,29.9,18210,56,678,
2022-12-12 13:31:12,003,242758,235.3,38.0,8920,60.07,236.1,38.05,8950,60.07,235.6,37.81,8900,60.07,633.5,23.8,15100,680.5,17.9,12190,56,678,
2022-12-12 13:36:16,001,280137,234.4,60.37,14120,59.96,235.2,60.68,14240,59.96,235.3,60.69,14220,59.96,650.4,32.8,21350,632.4,35.3,22350,56,698,
2022-12-12 13:36:16,002,292142,234.6,63.27,14820,59.96,235.2,63.34,14880,59.96,235.4,63.35,14860,59.96,698.3,39.4,27540,602.5,30.6,18440,57,698,
2022-12-12 13:36:16,003,242761,234.3,39.01,9110,59.96,235.2,39.03,9140,59.96,234.6,38.81,9090,59.96,630.5,24.6,15540,680.2,18.2,12390,57,698,
2022-12-12 13:41:20,001,280141,234.1,32.94,7680,60.02,234.7,33.1,7730,60.02,234.9,33.04,7720,60.02,645.3,17.5,11300,636.6,19.3,12320,57,388,
2022-12-12 13:41:20,002,292145,234.3,35.32,8240,60.02,234.7,35.37,8280,60.02,235.0,35.36,8250,60.02,697.7,21.9,15320,596.4,17.1,10200,58,388,
2022-12-12 13:41:20,003,242763,234.0,23.51,5460,60.02,234.8,23.56,5470,60.02,234.3,23.3,5430,60.02,627.4,15.1,9500,674.3,10.8,7320,58,388,
2022-12-12 13:46:25,001,280142,233.2,23.64,5460,59.98,233.9,23.76,5500,59.98,234.1,23.65,5490,59.98,658.5,12.3,8120,642.6,13.4,8660,58,284,
2022-12-12 13:46:25,002,292147,233.4,25.92,6000,59.98,233.9,25.96,6030,59.98,234.2,25.94,6000,59.98,700.4,15.8,11070,605.3,12.4,7510,59,284,
2022-12-12 13:46:25,003,242764,233.1,18.6,4270,59.98,234.0,18.65,4290,59.98,233.5,18.4,4250,59.98,630.5,11.6,7340,673.6,8.4,5700,59,284,
2022-12-12 13:51:29,001,280144,234.0,23.65,5470,60.02,234.4,23.77,5510,60.02,234.7,23.67,5490,60.02,663.4,12.3,8200,652.9,13.1,8610,58,284,
2022-12-12 13:51:29,002,292149,234.1,25.93,6020,60.02,234.4,25.97,6050,60.02,234.8,25.97,6030,60.02,712.3,15.6,11140,619.4,12.1,7530,59,284,
2022-12-12 13:51:29,003,242765,233.8,18.8,4310,60.02,234.5,18.88,4330,60.02,234.1,18.64,4300,60.02,638.5,11.6,7440,686.2,8.4,5790,59,284,
2022-12-12 13:56:33,001,280145,234.1,20.53,4740,60.06,234.7,20.67,4780,60.06,235.0,20.55,4770,60.06,666.5,10.6,7130,656.0,11.3,7470,58,249,
2022-12-12 13:56:33,002,292150,234.2,23.1,5350,60.07,234.7,23.15,5380,60.07,235.0,23.13,5360,60.07,716.4,13.8,9910,614.4,10.9,6710,58,249,
2022-12-12 13:56:33,003,242766,233.9,16.47,3760,60.07,234.8,16.56,3790,60.07,234.3,16.31,3740,60.07,639.6,10.1,6480,679.7,7.3,5020,59,249,
2022-12-12 14:01:37,001,280146,233.4,20.62,4710,60.01,234.2,20.74,4750,60.01,234.2,20.65,4730,60.01,672.6,10.5,7100,659.0,11.2,7430,57,248,
2022-12-12 14:01:37,002,292151,233.6,23.13,5330,60.01,234.2,23.16,5360,60.01,234.5,23.14,5330,60.01,722.1,13.6,9870,620.6,10.7,6670,58,248,
2022-12-12 14:01:37,003,242767,233.3,16.64,3780,60.01,234.3,16.7,3800,60.01,233.7,16.49,3760,60.01,645.7,10.0,6500,689.0,7.3,5060,58,248,
2022-12-12 14:06:41,001,280147,233.8,16.65,3810,60.05,234.4,16.77,3840,60.05,234.6,16.67,3820,60.05,674.7,8.4,5730,659.2,9.1,6030,57,201,
2022-12-12 14:06:41,002,292153,234.0,18.91,4360,60.05,234.4,18.96,4390,60.05,234.8,18.93,4360,60.05,715.9,11.3,8100,619.6,8.8,5470,57,201,
2022-12-12 14:06:41,003,242768,233.8,13.53,3070,60.05,234.5,13.6,3090,60.05,234.1,13.4,3050,60.05,647.6,8.1,5310,686.0,5.9,4110,58,201,
2022-12-12 14:11:45,001,280148,234.1,16.53,3760,60.05,234.6,16.63,3790,60.05,234.7,16.54,3770,60.05,672.3,8.4,5700,660.9,8.9,5920,55,198,
2022-12-12 14:11:45,002,292154,234.2,18.67,4260,60.05,234.6,18.71,4280,60.05,234.9,18.67,4260,60.05,722.2,10.9,7910,620.6,8.6,5350,56,198,
2022-12-12 14:11:45,003,242769,234.0,13.72,3080,60.05,234.7,13.79,3100,60.05,234.2,13.56,3070,60.05,648.7,8.2,5320,689.0,6.0,4140,57,198,
2022-12-12 14:16:49,001,280149,234.2,17.45,4020,60.02,234.7,17.58,4060,60.02,235.0,17.5,4040,60.02,674.7,8.9,6070,667.0,9.4,6330,54,210,
2022-12-12 14:16:49,002,292155,234.4,20.27,4700,60.02,234.6,20.34,4730,60.02,235.1,20.3,4700,60.02,723.2,12.0,8720,626.2,9.4,5910,55,210,
2022-12-12 14:16:49,003,242770,234.1,13.81,3150,60.02,234.8,13.89,3170,60.02,234.4,13.67,3130,60.02,651.8,8.3,5460,686.1,6.1,4190,56,210,
2022-12-12 14:21:53,001,280150,234.3,19.99,4600,60.01,234.6,20.13,4640,60.01,235.0,20.06,4630,60.01,674.6,10.3,6970,668.3,10.8,7250,54,239,
2022-12-12 14:21:53,002,292156,234.5,22.9,5320,60.01,234.6,22.96,5350,60.01,235.1,22.97,5330,60.01,728.2,13.5,9840,628.7,10.6,6700,54,239,
2022-12-12 14:21:53,003,242770,234.2,15.76,3610,60.01,234.7,15.84,3630,60.01,234.4,15.66,3600,60.01,651.8,9.5,6230,695.3,6.9,4840,55,239,
2022-12-12 14:26:57,001,280152,234.5,23.3,5390,59.99,235.1,23.42,5440,59.99,235.4,23.35,5420,59.99,674.7,11.9,8090,663.9,12.8,8560,53,279,
2022-12-12 14:26:57,002,292158,234.8,26.96,6290,59.99,235.3,27.0,6330,59.99,235.7,26.99,6300,59.99,727.5,15.9,11620,629.2,12.5,7890,53,279,
2022-12-12 14:26:57,003,242771,234.5,17.63,4060,59.99,235.4,17.68,4080,59.99,235.0,17.46,4050,59.99,657.8,10.6,7010,695.4,7.7,5410,54,279,
2022-12-12 14:31:00,001,280153,234.9,28.58,6650,60.01,235.7,28.71,6700,60.01,235.6,28.64,6680,60.01,677.9,14.6,9930,666.0,15.8,10560,52,339,
2022-12-12 14:31:00,002,292159,235.1,32.77,7670,60.01,235.7,32.78,7710,60.01,235.8,32.81,7680,60.01,724.0,19.5,14160,629.7,15.2,9580,53,339,
2022-12-12 14:31:00,003,242772,234.7,21.07,4870,60.01,235.8,21.1,4890,60.01,235.1,20.88,4850,60.01,654.4,12.8,8410,693.1,9.3,6490,54,339,
2022-12-12 14:36:05,001,280155,234.6,23.16,5360,60.03,234.9,23.34,5410,60.03,235.5,23.27,5400,60.03,677.9,11.6,7910,657.8,13.1,8650,52,278,
2022-12-12 14:36:05,002,292162,234.7,26.89,6270,60.03,234.9,26.95,6300,60.03,235.6,26.96,6280,60.03,724.2,16.0,11590,626.8,12.5,7850,52,278,
2022-12-12 14:36:05,003,242774,234.5,17.17,3950,60.03,235.0,17.25,3980,60.03,234.9,17.04,3940,60.03,654.4,10.4,6820,695.5,7.6,5290,54,278,
2022-12-12 14:41:09,001,280157,234.9,37.09,8670,60.06,235.4,37.31,8740,60.06,235.8,37.25,8730,60.06,680.9,18.7,12800,667.0,20.8,13910,52,412,
2022-12-12 14:41:09,002,292164,235.1,42.26,9910,60.06,235.4,42.33,9950,60.06,235.9,42.34,9940,60.06,722.7,25.5,18450,632.8,19.3,12260,52,412,
2022-12-12 14:41:09,003,242775,234.7,24.25,5620,60.06,235.5,24.31,5660,60.06,235.1,24.08,5610,60.06,654.8,14.9,9790,695.6,10.6,7420,53,412,
2022-12-12 14:46:13,001,280158,234.4,23.22,5370,60.0,235.0,23.34,5420,60.0,235.2,23.28,5400,60.0,677.5,11.4,7740,658.8,13.4,8850,52,261,
2022-12-12 14:46:13,002,292165,234.6,27.5,6410,60.0,235.1,27.52,6440,60.0,235.4,27.53,6410,60.0,715.1,16.8,12060,623.1,12.5,7800,52,261,
2022-12-12 14:46:13,003,242776,234.3,15.29,3520,60.0,235.2,15.36,3540,60.0,234.7,15.14,3500,60.0,648.9,9.4,6150,678.0,6.8,4650,53,261,
2022-12-12 14:51:17,001,280160,234.1,24.06,5570,60.0,234.8,24.2,5620,60.0,235.0,24.13,5600,60.0,680.7,11.9,8160,660.0,13.6,9020,52,277,
2022-12-12 14:51:17,002,292167,234.3,27.02,6280,59.99,234.7,27.05,6320,59.99,235.0,27.06,6290,59.99,724.1,16.1,11680,629.2,12.3,7780,52,277,
2022-12-12 14:51:17,003,242777,234.1,16.09,3700,59.99,234.9,16.15,3720,59.99,234.4,15.96,3690,59.99,648.7,9.9,6460,687.6,7.1,4930,53,277,
2022-12-12 14:56:21,001,280161,233.7,25.94,6010,60.02,234.4,26.09,6060,60.02,234.6,26.0,6040,60.02,680.4,12.6,8640,657.1,15.0,9880,51,294,
2022-12-12 14:56:21,002,292168,233.8,29.95,6970,60.02,234.5,29.98,7010,60.02,234.7,29.99,6980,60.02,724.3,18.0,13040,626.1,13.6,8550,51,294,
2022-12-12 14:56:21,003,242778,233.7,15.16,3460,60.02,234.7,15.21,3490,60.02,234.1,15.01,3450,60.02,651.6,9.4,6160,695.7,6.4,4490,53,294,
2022-12-12 15:01:25,001,280162,234.3,19.05,4380,59.98,235.0,19.16,4420,59.98,235.2,19.07,4390,59.98,689.6,9.2,6390,667.9,10.7,7150,51,242,
2022-12-12 15:01:25,002,292170,234.4,23.06,5330,59.98,235.0,23.08,5370,59.98,235.3,23.08,5340,59.98,717.8,13.7,9870,632.9,10.5,6690,51,242,
2022-12-12 15:01:25,003,242778,234.3,13.18,2990,59.98,235.3,13.24,3010,59.98,234.6,13.04,2980,59.98,654.6,8.0,5240,690.6,5.8,4010,52,242,
2022-12-12 15:06:29,001,280163,234.9,17.76,4110,60.04,235.6,17.89,4150,60.04,235.8,17.8,4130,60.04,692.9,8.6,5960,667.0,10.1,6760,51,212,
2022-12-12 15:06:29,002,292171,235.0,21.21,4940,60.04,235.6,21.31,4970,60.04,235.9,21.24,4940,60.04,724.3,12.6,9190,631.6,9.7,6150,51,212,
2022-12-12 15:06:29,003,242779,234.9,12.15,2780,60.04,235.8,12.26,2810,60.04,235.3,12.06,2770,60.04,654.6,7.5,4910,693.7,5.3,3700,52,212,
2022-12-12 15:11:33,001,280164,238.8,18.16,4260,59.97,239.2,18.28,4300,59.97,239.5,18.21,4290,59.97,689.7,9.0,6230,669.1,10.3,6940,50,209,
2022-12-12 15:11:33,002,292172,238.8,22.14,5230,59.97,239.1,22.17,5260,59.97,239.5,22.18,5240,59.97,727.3,13.1,9600,631.6,10.4,6630,50,209,
2022-12-12 15:11:33,003,242780,238.6,11.52,2650,59.97,239.2,11.59,2670,59.97,238.8,11.43,2640,59.97,655.0,7.2,4780,697.4,4.8,3410,52,209,
2022-12-12 15:16:37,001,280165,239.3,13.02,3010,60.0,239.7,13.11,3030,60.0,240.0,13.03,3020,60.0,674.7,6.7,4550,666.2,7.1,4770,50,160,
2022-12-12 15:16:37,002,292173,239.5,15.13,3530,60.0,239.7,15.17,3550,60.0,240.1,15.14,3540,60.0,721.2,9.0,6550,623.1,7.1,4470,50,160,
2022-12-12 15:16:37,003,242780,239.2,10.07,2290,60.0,239.8,10.14,2300,60.0,239.6,9.96,2270,60.0,651.9,6.1,3990,688.3,4.4,3070,51,160,
2022-12-12 15:21:41,001,280166,239.0,11.22,2560,59.97,239.5,11.33,2590,59.97,239.9,11.26,2570,59.97,671.4,5.7,3880,661.8,6.1,4090,49,138,
2022-12-12 15:21:41,002,292174,239.2,12.62,2920,59.98,239.5,12.69,2940,59.98,240.0,12.64,2920,59.98,715.0,7.5,5430,622.4,5.9,3710,49,138,
2022-12-12 15:21:41,003,242781,239.0,8.88,2010,59.98,239.6,8.96,2020,59.98,239.4,8.81,1990,59.98,648.7,5.4,3530,686.3,3.9,2700,51,138,
2022-12-12 15:26:45,001,280166,239.5,10.35,2320,60.02,240.2,10.4,2350,60.02,240.5,10.33,2330,60.02,654.5,5.3,3510,656.1,5.6,3680,49,126,
2022-12-12 15:26:45,002,292175,239.8,11.25,2570,60.02,240.3,11.31,2590,60.02,240.7,11.27,2570,60.02,716.7,6.6,4800,620.1,5.2,3260,49,126,
2022-12-12 15:26:45,003,242781,239.6,8.6,1930,60.02,240.4,8.66,1950,60.02,240.1,8.52,1910,60.02,648.7,5.2,3390,692.2,3.7,2620,50,126,
2022-12-12 15:31:50,001,280167,238.5,7.97,1740,59.99,239.5,8.01,1750,59.99,239.4,7.93,1720,59.99,659.9,4.0,2670,655.5,4.3,2820,48,97,
2022-12-12 15:31:50,002,292175,238.7,8.43,1880,59.99,239.5,8.44,1900,59.99,239.5,8.4,1870,59.99,716.7,4.9,3580,614.0,3.9,2430,48,97,
2022-12-12 15:31:50,003,242782,238.5,6.96,1480,59.99,239.6,6.98,1480,59.99,238.9,6.83,1450,59.99,645.7,4.0,2620,685.1,2.9,2020,50,97,
2022-12-12 15:36:54,001,280167,239.2,7.27,1530,59.97,239.4,7.41,1570,59.97,240.3,7.34,1530,59.97,662.1,3.5,2380,651.1,3.8,2500,47,87,
2022-12-12 15:36:54,002,292176,239.3,7.86,1720,59.97,239.4,7.96,1760,59.97,240.4,7.89,1730,59.97,711.0,4.6,3290,611.8,3.6,2240,47,87,
2022-12-12 15:36:54,003,242782,239.2,6.33,1290,59.97,239.5,6.47,1320,59.97,239.9,6.34,1280,59.97,642.8,3.6,2320,679.1,2.6,1800,49,87,
2022-12-12 15:41:58,001,280168,237.3,8.28,1790,60.04,238.1,8.35,1820,60.04,238.3,8.26,1790,60.04,662.5,4.2,2790,651.0,4.4,2880,47,99,
2022-12-12 15:41:58,002,292176,237.4,8.99,2000,60.03,238.0,9.02,2020,60.03,238.4,8.96,2000,60.03,713.8,5.3,3800,614.0,4.2,2600,47,99,
2022-12-12 15:41:58,003,242783,237.3,7.08,1490,60.03,238.2,7.14,1500,60.03,237.8,6.97,1460,60.03,645.4,4.0,2620,677.2,3.0,2040,49,99,
2022-12-12 15:47:02,001,280168,236.9,6.82,1420,60.02,237.6,6.94,1450,60.02,238.0,6.85,1410,60.02,659.5,3.3,2230,645.7,3.5,2290,46,81,
2022-12-12 15:47:02,002,292177,237.1,7.62,1580,60.01,237.6,7.68,1610,60.01,238.2,7.64,1580,60.01,712.3,4.2,3040,614.0,3.3,2050,46,81,
2022-12-12 15:47:02,003,242783,236.9,6.09,1220,60.01,237.7,6.19,1240,60.01,237.6,6.04,1200,60.01,642.6,3.4,2200,675.1,2.5,1690,48,81,
2022-12-12 15:51:05,001,280168,237.2,7.05,1420,59.96,237.7,7.16,1450,59.96,238.2,7.12,1420,59.96,661.7,3.3,2220,652.1,3.5,2320,46,78,
2022-12-12 15:51:05,002,292177,237.3,7.59,1540,59.96,237.7,7.67,1570,59.96,238.3,7.63,1540,59.96,708.7,4.1,2960,618.8,3.2,2010,46,78,
2022-12-12 15:51:05,003,242783,237.2,6.1,1180,59.96,237.9,6.19,1200,59.96,237.8,6.07,1160,59.96,649.3,3.2,2130,684.8,2.3,1640,48,78,
2022-12-12 15:56:09,001,280169,238.0,7.08,1440,60.03,238.6,7.13,1460,60.03,239.0,7.06,1420,60.03,663.5,3.4,2260,654.6,3.5,2350,45,81,
2022-12-12 15:56:09,002,292178,238.1,7.9,1620,60.03,238.5,7.93,1640,60.03,239.1,7.9,1610,60.03,713.9,4.3,3130,617.0,3.4,2100,45,81,
2022-12-12 15:56:09,003,242783,237.9,6.1,1170,60.03,238.7,6.18,1190,60.03,238.5,6.04,1150,60.03,646.4,3.2,2100,680.1,2.4,1640,47,81,
2022-12-12 16:01:13,001,280169,237.3,6.11,1240,59.97,237.9,6.18,1260,59.97,238.3,6.13,1230,59.97,658.5,2.9,1960,654.6,3.1,2050,45,71,
2022-12-12 16:01:13,002,292178,237.1,6.98,1430,59.97,237.7,7.0,1450,59.97,238.2,6.98,1420,59.97,713.2,3.8,2760,615.3,3.0,1890,45,71,
2022-12-12 16:01:13,003,242784,236.9,5.22,1010,59.97,237.8,5.29,1020,59.97,237.6,5.16,990,59.97,639.0,2.8,1840,675.6,2.0,1410,47,71,
2022-12-12 16:06:17,001,280169,237.2,7.06,1490,60.02,237.6,7.19,1520,60.02,238.3,7.12,1480,60.02,659.5,3.5,2340,654.6,3.6,2420,44,82,
2022-12-12 16:06:17,002,292178,237.3,7.91,1670,60.02,237.5,8.01,1700,60.02,238.4,7.95,1660,60.02,719.8,4.4,3210,617.0,3.5,2200,44,82,
2022-12-12 16:06:17,003,242784,237.2,6.0,1210,60.02,237.7,6.14,1240,60.02,237.9,6.0,1200,60.02,648.7,3.3,2200,680.1,2.4,1690,46,82,
2022-12-12 16:11:21,001,280170,237.2,5.75,1130,59.97,237.7,5.89,1160,59.97,238.3,5.82,1130,59.97,648.3,2.8,1830,648.7,2.8,1860,44,66,
2022-12-12 16:11:21,002,292179,237.3,6.14,1230,59.97,237.7,6.27,1270,59.97,238.5,6.21,1230,59.97,707.1,3.4,2410,608.0,2.7,1650,44,66,
2022-12-12 16:11:21,003,242784,237.2,5.2,980,59.97,237.8,5.31,1010,59.97,237.9,5.2,960,59.97,644.9,2.7,1800,682.0,2.0,1380,46,66,
2022-12-12 16:16:25,001,280170,237.7,4.95,870,60.02,238.7,5.06,880,60.02,238.9,4.96,840,60.02,647.3,2.1,1390,630.6,2.2,1450,43,50,
2022-12-12 16:16:25,002,292179,237.8,5.18,940,60.02,238.7,5.27,970,60.02,239.0,5.18,920,60.02,701.8,2.6,1880,600.2,2.1,1280,43,50,
2022-12-12 16:16:25,003,242785,237.6,4.51,730,60.02,238.8,4.62,740,60.02,238.5,4.48,690,60.02,633.5,2.0,1330,669.6,1.5,1020,45,50,
2022-12-12 16:21:29,001,280170,236.8,4.26,710,59.96,237.6,4.39,730,59.96,238.0,4.36,700,59.96,642.2,1.8,1170,636.3,1.9,1240,43,43,
2022-12-12 16:21:29,002,292179,236.8,4.52,800,59.96,237.5,4.59,820,59.96,238.0,4.48,780,59.96,698.9,2.3,1620,594.5,1.8,1110,43,43,
2022-12-12 16:21:29,003,242785,236.7,3.85,590,59.96,237.8,3.95,610,59.96,237.5,3.82,570,59.96,626.6,1.8,1130,666.8,1.3,870,45,43,
2022-12-12 16:26:33,001,280170,237.0,4.12,620,60.07,237.6,4.21,650,60.07,238.1,4.16,610,60.07,639.2,1.6,1050,627.5,1.7,1090,43,38,
2022-12-12 16:26:33,002,292179,237.1,4.33,690,60.06,237.6,4.43,710,60.06,238.2,4.35,670,60.06,693.2,2.0,1400,598.8,1.6,980,43,38,
2022-12-12 16:26:33,003,242785,237.0,3.82,500,60.06,237.8,3.9,520,60.06,237.7,3.82,480,60.06,630.5,1.5,970,668.1,1.0,730,45,38,
2022-12-12 16:31:37,001,280171,236.7,3.98,550,59.95,237.7,4.06,560,59.95,238.0,4.01,530,59.95,631.2,1.4,930,633.5,1.5,970,43,35,
2022-12-12 16:31:37,002,292180,236.8,4.06,590,59.95,237.5,4.15,610,59.95,238.0,4.08,580,59.95,694.9,1.7,1240,594.0,1.4,850,43,35,
2022-12-12 16:31:37,003,242785,236.7,3.83,480,59.95,237.7,3.91,480,59.95,237.4,3.85,450,59.95,628.2,1.4,910,650.2,1.0,690,44,35,
2022-12-12 16:36:41,001,280171,236.9,3.98,380,60.01,237.5,4.06,400,60.01,238.0,4.04,370,60.01,642.5,1.0,700,612.2,1.2,750,42,27,
2022-12-12 16:36:41,002,292180,237.0,4.02,450,60.0,237.3,4.12,480,60.0,238.0,4.05,440,60.0,678.3,1.4,990,592.7,1.1,690,42,27,
2022-12-12 16:36:41,003,242785,236.8,3.86,310,60.0,237.6,3.95,330,60.0,237.6,3.89,290,60.0,623.2,1.0,660,651.0,0.7,510,44,27,
2022-12-12 16:41:45,001,280171,237.2,3.48,260,60.01,237.8,3.59,280,60.01,238.4,3.58,240,60.01,621.9,0.8,510,636.5,0.8,510,42,20,
2022-12-12 16:41:45,002,292180,237.3,3.45,310,60.01,237.8,3.55,330,60.01,238.4,3.51,290,60.01,670.1,1.0,700,580.5,0.8,500,42,20,
2022-12-12 16:41:45,003,242785,237.2,3.36,200,60.02,238.0,3.47,210,60.02,238.0,3.4,180,60.02,606.2,0.7,480,638.8,0.5,370,44,20,
2022-12-12 16:46:49,001,280171,237.1,3.11,180,59.95,237.8,3.23,190,59.95,238.3,3.24,160,59.95,618.2,0.6,400,612.2,0.6,400,42,16,
2022-12-12 16:46:49,002,292180,237.3,3.17,230,59.95,237.8,3.26,250,59.95,238.5,3.27,220,59.95,668.4,0.8,560,580.5,0.6,390,42,16,
2022-12-12 16:46:49,003,242785,237.3,3.12,140,59.95,238.0,3.22,160,59.95,238.0,3.19,120,59.95,598.9,0.6,360,644.9,0.4,290,43,16,
2022-12-12 16:51:54,001,280171,237.7,3.48,110,60.02,238.6,3.6,120,60.02,238.9,3.63,90,60.02,607.9,0.4,290,569.6,0.5,300,42,12,
2022-12-12 16:51:54,002,292180,237.8,3.42,150,60.02,238.5,3.54,170,60.02,239.0,3.55,130,60.02,668.5,0.5,400,571.5,0.5,320,41,12,
2022-12-12 16:51:54,003,242785,237.8,3.35,70,60.02,238.8,3.5,80,60.02,238.5,3.45,40,60.02,600.8,0.4,260,617.4,0.3,210,43,12,
2022-12-12 16:56:58,001,280171,235.3,3.03,30,59.97,236.3,3.12,50,59.97,236.7,0.0,0,59.97,598.8,0.3,180,597.0,0.3,200,41,7,
2022-12-12 16:56:58,002,292180,235.4,3.04,60,59.97,236.2,3.1,80,59.97,236.8,3.13,40,59.97,633.4,0.3,250,553.3,0.3,180,41,7,
2022-12-12 16:56:58,003,242785,235.4,3.05,10,59.97,236.4,3.1,30,59.97,236.3,0.0,0,59.97,560.3,0.3,170,644.9,0.1,120,43,7,
2022-12-12 17:02:02,001,280171,235.8,0.0,0,59.94,236.7,0.0,0,59.94,237.1,0.0,0,59.94,589.7,0.1,90,578.3,0.1,100,41,4,
2022-12-12 17:02:02,002,292180,235.9,0.0,0,59.94,236.7,0.0,0,59.94,237.2,0.0,0,59.94,642.6,0.1,120,544.2,0.2,110,41,4,
2022-12-12 17:02:02,003,242785,235.8,0.0,0,59.94,236.9,0.0,0,59.94,236.7,0.0,0,59.94,566.5,0.1,70,590.1,0.1,60,43,4,
2022-12-12 17:07:06,001,280171,235.3,0.0,0,59.99,235.9,0.0,0,59.99,236.7,0.0,0,59.99,526.0,0.0,30,533.1,0.1,60,41,1,
2022-12-12 17:07:06,002,292180,235.3,0.0,0,59.99,235.8,0.0,0,59.99,236.7,0.0,0,59.99,633.4,0.0,60,548.4,0.1,60,41,1,
2022-12-12 17:07:06,003,242785,235.3,0.0,0,60.0,236.0,0.0,0,60.0,236.3,0.0,0,60.0,539.2,0.0,30,614.4,0.0,30,43,1,
2022-12-12 17:11:10,001,280171,236.0,0.0,0,59.98,236.6,0.0,0,59.98,237.3,0.0,0,59.98,544.1,0.0,20,589.2,0.0,10,41,0,
2022-12-12 17:11:10,002,292180,236.3,0.0,0,59.98,236.7,0.0,0,59.98,237.6,0.0,0,59.98,624.0,0.0,20,544.4,0.0,30,40,0,
2022-12-12 17:11:10,003,242785,0.0,0.0,0,0.0,0.0,0.0,0,0.0,0.0,0.0,0,0.0,0.0,0.0,0,0.0,0.0,0,42,0,
2022-12-12 17:16:14,001,280171,0.0,0.0,0,0.0,0.0,0.0,0,0.0,0.0,0.0,0,0.0,0.0,0.0,0,0.0,0.0,0,40,0,
2022-12-12 17:16:14,002,292180,0.0,0.0,0,0.0,0.0,0.0,0,0.0,0.0,0.0,0,0.0,0.0,0.0,0,0.0,0.0,0,40,0,
2022-12-12 17:16:14,003,242785,0.0,0.0,0,0.0,0.0,0.0,0,0.0,0.0,0.0,0,0.0,0.0,0.0,0,0.0,0.0,0,41,0,
2022-12-12 17:21:18,001,280171,0.0,0.0,0,0.0,0.0,0.0,0,0.0,0.0,0.0,0,0.0,0.0,0.0,0,0.0,0.0,0,0,0,
2022-12-12 17:21:18,002,292180,0.0,0.0,0,0.0,0.0,0.0,0,0.0,0.0,0.0,0,0.0,0.0,0.0,0,0.0,0.0,0,38,0,
2022-12-12 17:21:18,003,242785,0.0,0.0,0,0.0,0.0,0.0,0,0.0,0.0,0.0,0,0.0,0.0,0.0,0,0.0,0.0,0,0,0,
2022-12-12 17:26:22,001,280171,0.0,0.0,0,0.0,0.0,0.0,0,0.0,0.0,0.0,0,0.0,0.0,0.0,0,0.0,0.0,0,0,0,
2022-12-12 17:26:22,002,292180,0.0,0.0,0,0.0,0.0,0.0,0,0.0,0.0,0.0,0,0.0,0.0,0.0,0,0.0,0.0,0,0,0,
2022-12-12 17:26:22,003,242785,0.0,0.0,0,0.0,0.0,0.0,0,0.0,0.0,0.0,0,0.0,0.0,0.0,0,0.0,0.0,0,0,0,
2022-12-12 17:31:26,001,280171,0.0,0.0,0,0.0,0.0,0.0,0,0.0,0.0,0.0,0,0.0,0.0,0.0,0,0.0,0.0,0,0,0,
2022-12-12 17:31:26,002,292180,0.0,0.0,0,0.0,0.0,0.0,0,0.0,0.0,0.0,0,0.0,0.0,0.0,0,0.0,0.0,0,0,0,
2022-12-12 17:31:26,003,242785,0.0,0.0,0,0.0,0.0,0.0,0,0.0,0.0,0.0,0,0.0,0.0,0.0,0,0.0,0.0,0,0,0,
2022-12-12 17:36:30,001,280171,0.0,0.0,0,0.0,0.0,0.0,0,0.0,0.0,0.0,0,0.0,0.0,0.0,0,0.0,0.0,0,0,0,
2022-12-12 17:36:30,002,292180,0.0,0.0,0,0.0,0.0,0.0,0,0.0,0.0,0.0,0,0.0,0.0,0.0,0,0.0,0.0,0,0,0,
2022-12-12 17:36:30,003,242785,0.0,0.0,0,0.0,0.0,0.0,0,0.0,0.0,0.0,0,0.0,0.0,0.0,0,0.0,0.0,0,0,0,
2022-12-12 17:41:34,001,280171,0.0,0.0,0,0.0,0.0,0.0,0,0.0,0.0,0.0,0,0.0,0.0,0.0,0,0.0,0.0,0,0,0,
2022-12-12 17:41:34,002,292180,0.0,0.0,0,0.0,0.0,0.0,0,0.0,0.0,0.0,0,0.0,0.0,0.0,0,0.0,0.0,0,0,0,
2022-12-12 17:41:34,003,242785,0.0,0.0,0,0.0,0.0,0.0,0,0.0,0.0,0.0,0,0.0,0.0,0.0,0,0.0,0.0,0,0,0,
2022-12-12 17:46:39,001,280171,0.0,0.0,0,0.0,0.0,0.0,0,0.0,0.0,0.0,0,0.0,0.0,0.0,0,0.0,0.0,0,0,0,
2022-12-12 17:46:39,002,292180,0.0,0.0,0,0.0,0.0,0.0,0,0.0,0.0,0.0,0,0.0,0.0,0.0,0,0.0,0.0,0,0,0,
2022-12-12 17:46:39,003,242785,0.0,0.0,0,0.0,0.0,0.0,0,0.0,0.0,0.0,0,0.0,0.0,0.0,0,0.0,0.0,0,0,0,
2022-12-12 17:51:43,001,280171,0.0,0.0,0,0.0,0.0,0.0,0,0.0,0.0,0.0,0,0.0,0.0,0.0,0,0.0,0.0,0,0,0,
2022-12-12 17:51:43,002,292180,0.0,0.0,0,0.0,0.0,0.0,0,0.0,0.0,0.0,0,0.0,0.0,0.0,0,0.0,0.0,0,0,0,
2022-12-12 17:51:43,003,242785,0.0,0.0,0,0.0,0.0,0.0,0,0.0,0.0,0.0,0,0.0,0.0,0.0,0,0.0,0.0,0,0,0,
2022-12-12 17:56:47,001,280171,0.0,0.0,0,0.0,0.0,0.0,0,0.0,0.0,0.0,0,0.0,0.0,0.0,0,0.0,0.0,0,0,0,
2022-12-12 17:56:47,002,292180,0.0,0.0,0,0.0,0.0,0.0,0,0.0,0.0,0.0,0,0.0,0.0,0.0,0,0.0,0.0,0,0,0,
2022-12-12 17:56:47,003,242785,0.0,0.0,0,0.0,0.0,0.0,0,0.0,0.0,0.0,0,0.0,0.0,0.0,0,0.0,0.0,0,0,0,
2022-12-12 18:01:51,001,280171,0.0,0.0,0,0.0,0.0,0.0,0,0.0,0.0,0.0,0,0.0,0.0,0.0,0,0.0,0.0,0,0,0,
2022-12-12 18:01:51,002,292180,0.0,0.0,0,0.0,0.0,0.0,0,0.0,0.0,0.0,0,0.0,0.0,0.0,0,0.0,0.0,0,0,0,
2022-12-12 18:01:51,003,242785,0.0,0.0,0,0.0,0.0,0.0,0,0.0,0.0,0.0,0,0.0,0.0,0.0,0,0.0,0.0,0,0,0,
2022-12-12 18:06:55,001,280171,0.0,0.0,0,0.0,0.0,0.0,0,0.0,0.0,0.0,0,0.0,0.0,0.0,0,0.0,0.0,0,0,0,
2022-12-12 18:06:55,002,292180,0.0,0.0,0,0.0,0.0,0.0,0,0.0,0.0,0.0,0,0.0,0.0,0.0,0,0.0,0.0,0,0,0,
2022-12-12 18:06:55,003,242785,0.0,0.0,0,0.0,0.0,0.0,0,0.0,0.0,0.0,0,0.0,0.0,0.0,0,0.0,0.0,0,0,0,
2022-12-12 18:11:59,001,280171,0.0,0.0,0,0.0,0.0,0.0,0,0.0,0.0,0.0,0,0.0,0.0,0.0,0,0.0,0.0,0,0,0,
2022-12-12 18:11:59,002,292180,0.0,0.0,0,0.0,0.0,0.0,0,0.0,0.0,0.0,0,0.0,0.0,0.0,0,0.0,0.0,0,0,0,
2022-12-12 18:11:59,003,242785,0.0,0.0,0,0.0,0.0,0.0,0,0.0,0.0,0.0,0,0.0,0.0,0.0,0,0.0,0.0,0,0,0,
2022-12-12 18:17:03,001,280171,0.0,0.0,0,0.0,0.0,0.0,0,0.0,0.0,0.0,0,0.0,0.0,0.0,0,0.0,0.0,0,0,0,
2022-12-12 18:17:03,002,292180,0.0,0.0,0,0.0,0.0,0.0,0,0.0,0.0,0.0,0,0.0,0.0,0.0,0,0.0,0.0,0,0,0,
2022-12-12 18:17:03,003,242785,0.0,0.0,0,0.0,0.0,0.0,0,0.0,0.0,0.0,0,0.0,0.0,0.0,0,0.0,0.0,0,0,0,
2022-12-12 18:22:07,001,280171,0.0,0.0,0,0.0,0.0,0.0,0,0.0,0.0,0.0,0,0.0,0.0,0.0,0,0.0,0.0,0,0,0,
2022-12-12 18:22:07,002,292180,0.0,0.0,0,0.0,0.0,0.0,0,0.0,0.0,0.0,0,0.0,0.0,0.0,0,0.0,0.0,0,0,0,
2022-12-12 18:22:07,003,242785,0.0,0.0,0,0.0,0.0,0.0,0,0.0,0.0,0.0,0,0.0,0.0,0.0,0,0.0,0.0,0,0,0,
2022-12-12 18:26:10,001,280171,0.0,0.0,0,0.0,0.0,0.0,0,0.0,0.0,0.0,0,0.0,0.0,0.0,0,0.0,0.0,0,0,0,
2022-12-12 18:26:10,002,292180,0.0,0.0,0,0.0,0.0,0.0,0,0.0,0.0,0.0,0,0.0,0.0,0.0,0,0.0,0.0,0,0,0,
2022-12-12 18:26:10,003,242785,0.0,0.0,0,0.0,0.0,0.0,0,0.0,0.0,0.0,0,0.0,0.0,0.0,0,0.0,0.0,0,0,0,
2022-12-12 18:31:14,001,280171,0.0,0.0,0,0.0,0.0,0.0,0,0.0,0.0,0.0,0,0.0,0.0,0.0,0,0.0,0.0,0,0,0,
2022-12-12 18:31:14,002,292180,0.0,0.0,0,0.0,0.0,0.0,0,0.0,0.0,0.0,0,0.0,0.0,0.0,0,0.0,0.0,0,0,0,
2022-12-12 18:31:14,003,242785,0.0,0.0,0,0.0,0.0,0.0,0,0.0,0.0,0.0,0,0.0,0.0,0.0,0,0.0,0.0,0,0,0,
2022-12-12 18:36:19,001,280171,0.0,0.0,0,0.0,0.0,0.0,0,0.0,0.0,0.0,0,0.0,0.0,0.0,0,0.0,0.0,0,0,0,
2022-12-12 18:36:19,002,292180,0.0,0.0,0,0.0,0.0,0.0,0,0.0,0.0,0.0,0,0.0,0.0,0.0,0,0.0,0.0,0,0,0,
2022-12-12 18:36:19,003,242785,0.0,0.0,0,0.0,0.0,0.0,0,0.0,0.0,0.0,0,0.0,0.0,0.0,0,0.0,0.0,0,0,0,
2022-12-12 18:41:23,001,280171,0.0,0.0,0,0.0,0.0,0.0,0,0.0,0.0,0.0,0,0.0,0.0,0.0,0,0.0,0.0,0,0,0,
2022-12-12 18:41:23,002,292180,0.0,0.0,0,0.0,0.0,0.0,0,0.0,0.0,0.0,0,0.0,0.0,0.0,0,0.0,0.0,0,0,0,
2022-12-12 18:41:23,003,242785,0.0,0.0,0,0.0,0.0,0.0,0,0.0,0.0,0.0,0,0.0,0.0,0.0,0,0.0,0.0,0,0,0,
2022-12-12 18:46:27,001,280171,0.0,0.0,0,0.0,0.0,0.0,0,0.0,0.0,0.0,0,0.0,0.0,0.0,0,0.0,0.0,0,0,0,
2022-12-12 18:46:27,002,292180,0.0,0.0,0,0.0,0.0,0.0,0,0.0,0.0,0.0,0,0.0,0.0,0.0,0,0.0,0.0,0,0,0,
2022-12-12 18:46:27,003,242785,0.0,0.0,0,0.0,0.0,0.0,0,0.0,0.0,0.0,0,0.0,0.0,0.0,0,0.0,0.0,0,0,0,
2022-12-12 18:51:31,001,280171,0.0,0.0,0,0.0,0.0,0.0,0,0.0,0.0,0.0,0,0.0,0.0,0.0,0,0.0,0.0,0,0,0,
2022-12-12 18:51:31,002,292180,0.0,0.0,0,0.0,0.0,0.0,0,0.0,0.0,0.0,0,0.0,0.0,0.0,0,0.0,0.0,0,0,0,
2022-12-12 18:51:31,003,242785,0.0,0.0,0,0.0,0.0,0.0,0,0.0,0.0,0.0,0,0.0,0.0,0.0,0,0.0,0.0,0,0,0,
2022-12-12 18:56:35,001,280171,0.0,0.0,0,0.0,0.0,0.0,0,0.0,0.0,0.0,0,0.0,0.0,0.0,0,0.0,0.0,0,0,0,
2022-12-12 18:56:35,002,292180,0.0,0.0,0,0.0,0.0,0.0,0,0.0,0.0,0.0,0,0.0,0.0,0.0,0,0.0,0.0,0,0,0,
2022-12-12 18:56:35,003,242785,0.0,0.0,0,0.0,0.0,0.0,0,0.0,0.0,0.0,0,0.0,0.0,0.0,0,0.0,0.0,0,0,0,
2022-12-12 19:01:39,001,280171,0.0,0.0,0,0.0,0.0,0.0,0,0.0,0.0,0.0,0,0.0,0.0,0.0,0,0.0,0.0,0,0,0,
2022-12-12 19:01:39,002,292180,0.0,0.0,0,0.0,0.0,0.0,0,0.0,0.0,0.0,0,0.0,0.0,0.0,0,0.0,0.0,0,0,0,
2022-12-12 19:01:39,003,242785,0.0,0.0,0,0.0,0.0,0.0,0,0.0,0.0,0.0,0,0.0,0.0,0.0,0,0.0,0.0,0,0,0,
2022-12-12 19:06:43,001,280171,0.0,0.0,0,0.0,0.0,0.0,0,0.0,0.0,0.0,0,0.0,0.0,0.0,0,0.0,0.0,0,0,0,
2022-12-12 19:06:43,002,292180,0.0,0.0,0,0.0,0.0,0.0,0,0.0,0.0,0.0,0,0.0,0.0,0.0,0,0.0,0.0,0,0,0,
2022-12-12 19:06:43,003,242785,0.0,0.0,0,0.0,0.0,0.0,0,0.0,0.0,0.0,0,0.0,0.0,0.0,0,0.0,0.0,0,0,0,
2022-12-12 19:11:47,001,280171,0.0,0.0,0,0.0,0.0,0.0,0,0.0,0.0,0.0,0,0.0,0.0,0.0,0,0.0,0.0,0,0,0,
2022-12-12 19:11:47,002,292180,0.0,0.0,0,0.0,0.0,0.0,0,0.0,0.0,0.0,0,0.0,0.0,0.0,0,0.0,0.0,0,0,0,
2022-12-12 19:11:47,003,242785,0.0,0.0,0,0.0,0.0,0.0,0,0.0,0.0,0.0,0,0.0,0.0,0.0,0,0.0,0.0,0,0,0,
2022-12-12 19:16:51,001,280171,0.0,0.0,0,0.0,0.0,0.0,0,0.0,0.0,0.0,0,0.0,0.0,0.0,0,0.0,0.0,0,0,0,
2022-12-12 19:16:51,002,292180,0.0,0.0,0,0.0,0.0,0.0,0,0.0,0.0,0.0,0,0.0,0.0,0.0,0,0.0,0.0,0,0,0,
2022-12-12 19:16:51,003,242785,0.0,0.0,0,0.0,0.0,0.0,0,0.0,0.0,0.0,0,0.0,0.0,0.0,0,0.0,0.0,0,0,0,
2022-12-12 19:21:55,001,280171,0.0,0.0,0,0.0,0.0,0.0,0,0.0,0.0,0.0,0,0.0,0.0,0.0,0,0.0,0.0,0,0,0,
2022-12-12 19:21:55,002,292180,0.0,0.0,0,0.0,0.0,0.0,0,0.0,0.0,0.0,0,0.0,0.0,0.0,0,0.0,0.0,0,0,0,
2022-12-12 19:21:55,003,242785,0.0,0.0,0,0.0,0.0,0.0,0,0.0,0.0,0.0,0,0.0,0.0,0.0,0,0.0,0.0,0,0,0,
2022-12-12 19:26:59,001,280171,0.0,0.0,0,0.0,0.0,0.0,0,0.0,0.0,0.0,0,0.0,0.0,0.0,0,0.0,0.0,0,0,0,
2022-12-12 19:26:59,002,292180,0.0,0.0,0,0.0,0.0,0.0,0,0.0,0.0,0.0,0,0.0,0.0,0.0,0,0.0,0.0,0,0,0,
2022-12-12 19:26:59,003,242785,0.0,0.0,0,0.0,0.0,0.0,0,0.0,0.0,0.0,0,0.0,0.0,0.0,0,0.0,0.0,0,0,0,
2022-12-12 19:32:03,001,280171,0.0,0.0,0,0.0,0.0,0.0,0,0.0,0.0,0.0,0,0.0,0.0,0.0,0,0.0,0.0,0,0,0,
2022-12-12 19:32:03,002,292180,0.0,0.0,0,0.0,0.0,0.0,0,0.0,0.0,0.0,0,0.0,0.0,0.0,0,0.0,0.0,0,0,0,
2022-12-12 19:32:03,003,242785,0.0,0.0,0,0.0,0.0,0.0,0,0.0,0.0,0.0,0,0.0,0.0,0.0,0,0.0,0.0,0,0,0,
2022-12-12 19:37:07,001,280171,0.0,0.0,0,0.0,0.0,0.0,0,0.0,0.0,0.0,0,0.0,0.0,0.0,0,0.0,0.0,0,0,0,
2022-12-12 19:37:07,002,292180,0.0,0.0,0,0.0,0.0,0.0,0,0.0,0.0,0.0,0,0.0,0.0,0.0,0,0.0,0.0,0,0,0,
2022-12-12 19:37:07,003,242785,0.0,0.0,0,0.0,0.0,0.0,0,0.0,0.0,0.0,0,0.0,0.0,0.0,0,0.0,0.0,0,0,0,
2022-12-12 19:42:11,001,280171,0.0,0.0,0,0.0,0.0,0.0,0,0.0,0.0,0.0,0,0.0,0.0,0.0,0,0.0,0.0,0,0,0,
2022-12-12 19:42:11,002,292180,0.0,0.0,0,0.0,0.0,0.0,0,0.0,0.0,0.0,0,0.0,0.0,0.0,0,0.0,0.0,0,0,0,
2022-12-12 19:42:11,003,242785,0.0,0.0,0,0.0,0.0,0.0,0,0.0,0.0,0.0,0,0.0,0.0,0.0,0,0.0,0.0,0,0,0,
2022-12-12 19:46:15,001,280171,0.0,0.0,0,0.0,0.0,0.0,0,0.0,0.0,0.0,0,0.0,0.0,0.0,0,0.0,0.0,0,0,0,
2022-12-12 19:46:15,002,292180,0.0,0.0,0,0.0,0.0,0.0,0,0.0,0.0,0.0,0,0.0,0.0,0.0,0,0.0,0.0,0,0,0,
2022-12-12 19:46:15,003,242785,0.0,0.0,0,0.0,0.0,0.0,0,0.0,0.0,0.0,0,0.0,0.0,0.0,0,0.0,0.0,0,0,0,
2022-12-12 19:51:19,001,280171,0.0,0.0,0,0.0,0.0,0.0,0,0.0,0.0,0.0,0,0.0,0.0,0.0,0,0.0,0.0,0,0,0,
2022-12-12 19:51:19,002,292180,0.0,0.0,0,0.0,0.0,0.0,0,0.0,0.0,0.0,0,0.0,0.0,0.0,0,0.0,0.0,0,0,0,
2022-12-12 19:51:19,003,242785,0.0,0.0,0,0.0,0.0,0.0,0,0.0,0.0,0.0,0,0.0,0.0,0.0,0,0.0,0.0,0,0,0,
2022-12-12 19:56:23,001,280171,0.0,0.0,0,0.0,0.0,0.0,0,0.0,0.0,0.0,0,0.0,0.0,0.0,0,0.0,0.0,0,0,0,
2022-12-12 19:56:23,002,292180,0.0,0.0,0,0.0,0.0,0.0,0,0.0,0.0,0.0,0,0.0,0.0,0.0,0,0.0,0.0,0,0,0,
2022-12-12 19:56:23,003,242785,0.0,0.0,0,0.0,0.0,0.0,0,0.0,0.0,0.0,0,0.0,0.0,0.0,0,0.0,0.0,0,0,0,
2022-12-12 20:01:27,001,280171,0.0,0.0,0,0.0,0.0,0.0,0,0.0,0.0,0.0,0,0.0,0.0,0.0,0,0.0,0.0,0,0,0,
2022-12-12 20:01:27,002,292180,0.0,0.0,0,0.0,0.0,0.0,0,0.0,0.0,0.0,0,0.0,0.0,0.0,0,0.0,0.0,0,0,0,
2022-12-12 20:01:27,003,242785,0.0,0.0,0,0.0,0.0,0.0,0,0.0,0.0,0.0,0,0.0,0.0,0.0,0,0.0,0.0,0,0,0,
2022-12-12 20:06:31,001,280171,0.0,0.0,0,0.0,0.0,0.0,0,0.0,0.0,0.0,0,0.0,0.0,0.0,0,0.0,0.0,0,0,0,
2022-12-12 20:06:31,002,292180,0.0,0.0,0,0.0,0.0,0.0,0,0.0,0.0,0.0,0,0.0,0.0,0.0,0,0.0,0.0,0,0,0,
2022-12-12 20:06:31,003,242785,0.0,0.0,0,0.0,0.0,0.0,0,0.0,0.0,0.0,0,0.0,0.0,0.0,0,0.0,0.0,0,0,0,
2022-12-12 20:11:35,001,280171,0.0,0.0,0,0.0,0.0,0.0,0,0.0,0.0,0.0,0,0.0,0.0,0.0,0,0.0,0.0,0,0,0,
2022-12-12 20:11:35,002,292180,0.0,0.0,0,0.0,0.0,0.0,0,0.0,0.0,0.0,0,0.0,0.0,0.0,0,0.0,0.0,0,0,0,
2022-12-12 20:11:35,003,242785,0.0,0.0,0,0.0,0.0,0.0,0,0.0,0.0,0.0,0,0.0,0.0,0.0,0,0.0,0.0,0,0,0,
2022-12-12 20:16:39,001,280171,0.0,0.0,0,0.0,0.0,0.0,0,0.0,0.0,0.0,0,0.0,0.0,0.0,0,0.0,0.0,0,0,0,
2022-12-12 20:16:39,002,292180,0.0,0.0,0,0.0,0.0,0.0,0,0.0,0.0,0.0,0,0.0,0.0,0.0,0,0.0,0.0,0,0,0,
2022-12-12 20:16:39,003,242785,0.0,0.0,0,0.0,0.0,0.0,0,0.0,0.0,0.0,0,0.0,0.0,0.0,0,0.0,0.0,0,0,0,
2022-12-12 20:21:43,001,280171,0.0,0.0,0,0.0,0.0,0.0,0,0.0,0.0,0.0,0,0.0,0.0,0.0,0,0.0,0.0,0,0,0,
2022-12-12 20:21:43,002,292180,0.0,0.0,0,0.0,0.0,0.0,0,0.0,0.0,0.0,0,0.0,0.0,0.0,0,0.0,0.0,0,0,0,
2022-12-12 20:21:43,003,242785,0.0,0.0,0,0.0,0.0,0.0,0,0.0,0.0,0.0,0,0.0,0.0,0.0,0,0.0,0.0,0,0,0,
2022-12-12 20:26:47,001,280171,0.0,0.0,0,0.0,0.0,0.0,0,0.0,0.0,0.0,0,0.0,0.0,0.0,0,0.0,0.0,0,0,0,
2022-12-12 20:26:47,002,292180,0.0,0.0,0,0.0,0.0,0.0,0,0.0,0.0,0.0,0,0.0,0.0,0.0,0,0.0,0.0,0,0,0,
2022-12-12 20:26:47,003,242785,0.0,0.0,0,0.0,0.0,0.0,0,0.0,0.0,0.0,0,0.0,0.0,0.0,0,0.0,0.0,0,0,0,
2022-12-12 20:31:51,001,280171,0.0,0.0,0,0.0,0.0,0.0,0,0.0,0.0,0.0,0,0.0,0.0,0.0,0,0.0,0.0,0,0,0,
2022-12-12 20:31:51,002,292180,0.0,0.0,0,0.0,0.0,0.0,0,0.0,0.0,0.0,0,0.0,0.0,0.0,0,0.0,0.0,0,0,0,
2022-12-12 20:31:51,003,242785,0.0,0.0,0,0.0,0.0,0.0,0,0.0,0.0,0.0,0,0.0,0.0,0.0,0,0.0,0.0,0,0,0,
2022-12-12 20:36:55,001,280171,0.0,0.0,0,0.0,0.0,0.0,0,0.0,0.0,0.0,0,0.0,0.0,0.0,0,0.0,0.0,0,0,0,
2022-12-12 20:36:55,002,292180,0.0,0.0,0,0.0,0.0,0.0,0,0.0,0.0,0.0,0,0.0,0.0,0.0,0,0.0,0.0,0,0,0,
2022-12-12 20:36:55,003,242785,0.0,0.0,0,0.0,0.0,0.0,0,0.0,0.0,0.0,0,0.0,0.0,0.0,0,0.0,0.0,0,0,0,
2022-12-12 20:41:59,001,280171,0.0,0.0,0,0.0,0.0,0.0,0,0.0,0.0,0.0,0,0.0,0.0,0.0,0,0.0,0.0,0,0,0,
2022-12-12 20:41:59,002,292180,0.0,0.0,0,0.0,0.0,0.0,0,0.0,0.0,0.0,0,0.0,0.0,0.0,0,0.0,0.0,0,0,0,
2022-12-12 20:41:59,003,242785,0.0,0.0,0,0.0,0.0,0.0,0,0.0,0.0,0.0,0,0.0,0.0,0.0,0,0.0,0.0,0,0,0,
2022-12-12 20:47:03,001,280171,0.0,0.0,0,0.0,0.0,0.0,0,0.0,0.0,0.0,0,0.0,0.0,0.0,0,0.0,0.0,0,0,0,
2022-12-12 20:47:03,002,292180,0.0,0.0,0,0.0,0.0,0.0,0,0.0,0.0,0.0,0,0.0,0.0,0.0,0,0.0,0.0,0,0,0,
2022-12-12 20:47:03,003,242785,0.0,0.0,0,0.0,0.0,0.0,0,0.0,0.0,0.0,0,0.0,0.0,0.0,0,0.0,0.0,0,0,0,
2022-12-12 20:52:07,001,280171,0.0,0.0,0,0.0,0.0,0.0,0,0.0,0.0,0.0,0,0.0,0.0,0.0,0,0.0,0.0,0,0,0,
2022-12-12 20:52:07,002,292180,0.0,0.0,0,0.0,0.0,0.0,0,0.0,0.0,0.0,0,0.0,0.0,0.0,0,0.0,0.0,0,0,0,
2022-12-12 20:52:07,003,242785,0.0,0.0,0,0.0,0.0,0.0,0,0.0,0.0,0.0,0,0.0,0.0,0.0,0,0.0,0.0,0,0,0,
2022-12-12 20:57:11,001,280171,0.0,0.0,0,0.0,0.0,0.0,0,0.0,0.0,0.0,0,0.0,0.0,0.0,0,0.0,0.0,0,0,0,
2022-12-12 20:57:11,002,292180,0.0,0.0,0,0.0,0.0,0.0,0,0.0,0.0,0.0,0,0.0,0.0,0.0,0,0.0,0.0,0,0,0,
2022-12-12 20:57:11,003,242785,0.0,0.0,0,0.0,0.0,0.0,0,0.0,0.0,0.0,0,0.0,0.0,0.0,0,0.0,0.0,0,0,0,
2022-12-12 21:02:16,001,280171,0.0,0.0,0,0.0,0.0,0.0,0,0.0,0.0,0.0,0,0.0,0.0,0.0,0,0.0,0.0,0,0,0,
2022-12-12 21:02:16,002,292180,0.0,0.0,0,0.0,0.0,0.0,0,0.0,0.0,0.0,0,0.0,0.0,0.0,0,0.0,0.0,0,0,0,
2022-12-12 21:02:16,003,242785,0.0,0.0,0,0.0,0.0,0.0,0,0.0,0.0,0.0,0,0.0,0.0,0.0,0,0.0,0.0,0,0,0,
2022-12-12 21:06:19,001,280171,0.0,0.0,0,0.0,0.0,0.0,0,0.0,0.0,0.0,0,0.0,0.0,0.0,0,0.0,0.0,0,0,0,
2022-12-12 21:06:19,002,292180,0.0,0.0,0,0.0,0.0,0.0,0,0.0,0.0,0.0,0,0.0,0.0,0.0,0,0.0,0.0,0,0,0,
2022-12-12 21:06:19,003,242785,0.0,0.0,0,0.0,0.0,0.0,0,0.0,0.0,0.0,0,0.0,0.0,0.0,0,0.0,0.0,0,0,0,
2022-12-12 21:11:23,001,280171,0.0,0.0,0,0.0,0.0,0.0,0,0.0,0.0,0.0,0,0.0,0.0,0.0,0,0.0,0.0,0,0,0,
2022-12-12 21:11:23,002,292180,0.0,0.0,0,0.0,0.0,0.0,0,0.0,0.0,0.0,0,0.0,0.0,0.0,0,0.0,0.0,0,0,0,
2022-12-12 21:11:23,003,242785,0.0,0.0,0,0.0,0.0,0.0,0,0.0,0.0,0.0,0,0.0,0.0,0.0,0,0.0,0.0,0,0,0,
2022-12-12 21:16:27,001,280171,0.0,0.0,0,0.0,0.0,0.0,0,0.0,0.0,0.0,0,0.0,0.0,0.0,0,0.0,0.0,0,0,0,
2022-12-12 21:16:27,002,292180,0.0,0.0,0,0.0,0.0,0.0,0,0.0,0.0,0.0,0,0.0,0.0,0.0,0,0.0,0.0,0,0,0,
2022-12-12 21:16:27,003,242785,0.0,0.0,0,0.0,0.0,0.0,0,0.0,0.0,0.0,0,0.0,0.0,0.0,0,0.0,0.0,0,0,0,
2022-12-12 21:21:31,001,280171,0.0,0.0,0,0.0,0.0,0.0,0,0.0,0.0,0.0,0,0.0,0.0,0.0,0,0.0,0.0,0,0,0,
2022-12-12 21:21:31,002,292180,0.0,0.0,0,0.0,0.0,0.0,0,0.0,0.0,0.0,0,0.0,0.0,0.0,0,0.0,0.0,0,0,0,
2022-12-12 21:21:31,003,242785,0.0,0.0,0,0.0,0.0,0.0,0,0.0,0.0,0.0,0,0.0,0.0,0.0,0,0.0,0.0,0,0,0,
2022-12-12 21:26:35,001,280171,0.0,0.0,0,0.0,0.0,0.0,0,0.0,0.0,0.0,0,0.0,0.0,0.0,0,0.0,0.0,0,0,0,
2022-12-12 21:26:35,002,292180,0.0,0.0,0,0.0,0.0,0.0,0,0.0,0.0,0.0,0,0.0,0.0,0.0,0,0.0,0.0,0,0,0,
2022-12-12 21:26:35,003,242785,0.0,0.0,0,0.0,0.0,0.0,0,0.0,0.0,0.0,0,0.0,0.0,0.0,0,0.0,0.0,0,0,0,
2022-12-12 21:31:39,001,280171,0.0,0.0,0,0.0,0.0,0.0,0,0.0,0.0,0.0,0,0.0,0.0,0.0,0,0.0,0.0,0,0,0,
2022-12-12 21:31:39,002,292180,0.0,0.0,0,0.0,0.0,0.0,0,0.0,0.0,0.0,0,0.0,0.0,0.0,0,0.0,0.0,0,0,0,
2022-12-12 21:31:39,003,242785,0.0,0.0,0,0.0,0.0,0.0,0,0.0,0.0,0.0,0,0.0,0.0,0.0,0,0.0,0.0,0,0,0,
2022-12-12 21:36:43,001,280171,0.0,0.0,0,0.0,0.0,0.0,0,0.0,0.0,0.0,0,0.0,0.0,0.0,0,0.0,0.0,0,0,0,
2022-12-12 21:36:43,002,292180,0.0,0.0,0,0.0,0.0,0.0,0,0.0,0.0,0.0,0,0.0,0.0,0.0,0,0.0,0.0,0,0,0,
2022-12-12 21:36:43,003,242785,0.0,0.0,0,0.0,0.0,0.0,0,0.0,0.0,0.0,0,0.0,0.0,0.0,0,0.0,0.0,0,0,0,
2022-12-12 21:41:47,001,280171,0.0,0.0,0,0.0,0.0,0.0,0,0.0,0.0,0.0,0,0.0,0.0,0.0,0,0.0,0.0,0,0,0,
2022-12-12 21:41:47,002,292180,0.0,0.0,0,0.0,0.0,0.0,0,0.0,0.0,0.0,0,0.0,0.0,0.0,0,0.0,0.0,0,0,0,
2022-12-12 21:41:47,003,242785,0.0,0.0,0,0.0,0.0,0.0,0,0.0,0.0,0.0,0,0.0,0.0,0.0,0,0.0,0.0,0,0,0,
2022-12-12 21:46:51,001,280171,0.0,0.0,0,0.0,0.0,0.0,0,0.0,0.0,0.0,0,0.0,0.0,0.0,0,0.0,0.0,0,0,0,
2022-12-12 21:46:51,002,292180,0.0,0.0,0,0.0,0.0,0.0,0,0.0,0.0,0.0,0,0.0,0.0,0.0,0,0.0,0.0,0,0,0,
2022-12-12 21:46:51,003,242785,0.0,0.0,0,0.0,0.0,0.0,0,0.0,0.0,0.0,0,0.0,0.0,0.0,0,0.0,0.0,0,0,0,
2022-12-12 21:51:55,001,280171,0.0,0.0,0,0.0,0.0,0.0,0,0.0,0.0,0.0,0,0.0,0.0,0.0,0,0.0,0.0,0,0,0,
2022-12-12 21:51:55,002,292180,0.0,0.0,0,0.0,0.0,0.0,0,0.0,0.0,0.0,0,0.0,0.0,0.0,0,0.0,0.0,0,0,0,
2022-12-12 21:51:55,003,242785,0.0,0.0,0,0.0,0.0,0.0,0,0.0,0.0,0.0,0,0.0,0.0,0.0,0,0.0,0.0,0,0,0,
2022-12-12 21:56:59,001,280171,0.0,0.0,0,0.0,0.0,0.0,0,0.0,0.0,0.0,0,0.0,0.0,0.0,0,0.0,0.0,0,0,0,
2022-12-12 21:56:59,002,292180,0.0,0.0,0,0.0,0.0,0.0,0,0.0,0.0,0.0,0,0.0,0.0,0.0,0,0.0,0.0,0,0,0,
2022-12-12 21:56:59,003,242785,0.0,0.0,0,0.0,0.0,0.0,0,0.0,0.0,0.0,0,0.0,0.0,0.0,0,0.0,0.0,0,0,0,
2022-12-12 22:02:04,001,280171,0.0,0.0,0,0.0,0.0,0.0,0,0.0,0.0,0.0,0,0.0,0.0,0.0,0,0.0,0.0,0,0,0,
2022-12-12 22:02:04,002,292180,0.0,0.0,0,0.0,0.0,0.0,0,0.0,0.0,0.0,0,0.0,0.0,0.0,0,0.0,0.0,0,0,0,
2022-12-12 22:02:04,003,242785,0.0,0.0,0,0.0,0.0,0.0,0,0.0,0.0,0.0,0,0.0,0.0,0.0,0,0.0,0.0,0,0,0,
2022-12-12 22:07:08,001,280171,0.0,0.0,0,0.0,0.0,0.0,0,0.0,0.0,0.0,0,0.0,0.0,0.0,0,0.0,0.0,0,0,0,
2022-12-12 22:07:08,002,292180,0.0,0.0,0,0.0,0.0,0.0,0,0.0,0.0,0.0,0,0.0,0.0,0.0,0,0.0,0.0,0,0,0,
2022-12-12 22:07:08,003,242785,0.0,0.0,0,0.0,0.0,0.0,0,0.0,0.0,0.0,0,0.0,0.0,0.0,0,0.0,0.0,0,0,0,
2022-12-12 22:12:12,001,280171,0.0,0.0,0,0.0,0.0,0.0,0,0.0,0.0,0.0,0,0.0,0.0,0.0,0,0.0,0.0,0,0,0,
2022-12-12 22:12:12,002,292180,0.0,0.0,0,0.0,0.0,0.0,0,0.0,0.0,0.0,0,0.0,0.0,0.0,0,0.0,0.0,0,0,0,
2022-12-12 22:12:12,003,242785,0.0,0.0,0,0.0,0.0,0.0,0,0.0,0.0,0.0,0,0.0,0.0,0.0,0,0.0,0.0,0,0,0,
2022-12-12 22:17:16,001,280171,0.0,0.0,0,0.0,0.0,0.0,0,0.0,0.0,0.0,0,0.0,0.0,0.0,0,0.0,0.0,0,0,0,
2022-12-12 22:17:16,002,292180,0.0,0.0,0,0.0,0.0,0.0,0,0.0,0.0,0.0,0,0.0,0.0,0.0,0,0.0,0.0,0,0,0,
2022-12-12 22:17:16,003,242785,0.0,0.0,0,0.0,0.0,0.0,0,0.0,0.0,0.0,0,0.0,0.0,0.0,0,0.0,0.0,0,0,0,
2022-12-12 22:22:20,001,280171,0.0,0.0,0,0.0,0.0,0.0,0,0.0,0.0,0.0,0,0.0,0.0,0.0,0,0.0,0.0,0,0,0,
2022-12-12 22:22:20,002,292180,0.0,0.0,0,0.0,0.0,0.0,0,0.0,0.0,0.0,0,0.0,0.0,0.0,0,0.0,0.0,0,0,0,
2022-12-12 22:22:20,003,242785,0.0,0.0,0,0.0,0.0,0.0,0,0.0,0.0,0.0,0,0.0,0.0,0.0,0,0.0,0.0,0,0,0,
2022-12-12 22:26:23,001,280171,0.0,0.0,0,0.0,0.0,0.0,0,0.0,0.0,0.0,0,0.0,0.0,0.0,0,0.0,0.0,0,0,0,
2022-12-12 22:26:23,002,292180,0.0,0.0,0,0.0,0.0,0.0,0,0.0,0.0,0.0,0,0.0,0.0,0.0,0,0.0,0.0,0,0,0,
2022-12-12 22:26:23,003,242785,0.0,0.0,0,0.0,0.0,0.0,0,0.0,0.0,0.0,0,0.0,0.0,0.0,0,0.0,0.0,0,0,0,
2022-12-12 22:31:28,001,280171,0.0,0.0,0,0.0,0.0,0.0,0,0.0,0.0,0.0,0,0.0,0.0,0.0,0,0.0,0.0,0,0,0,
2022-12-12 22:31:28,002,292180,0.0,0.0,0,0.0,0.0,0.0,0,0.0,0.0,0.0,0,0.0,0.0,0.0,0,0.0,0.0,0,0,0,
2022-12-12 22:31:28,003,242785,0.0,0.0,0,0.0,0.0,0.0,0,0.0,0.0,0.0,0,0.0,0.0,0.0,0,0.0,0.0,0,0,0,
2022-12-12 22:36:32,001,280171,0.0,0.0,0,0.0,0.0,0.0,0,0.0,0.0,0.0,0,0.0,0.0,0.0,0,0.0,0.0,0,0,0,
2022-12-12 22:36:32,002,292180,0.0,0.0,0,0.0,0.0,0.0,0,0.0,0.0,0.0,0,0.0,0.0,0.0,0,0.0,0.0,0,0,0,
2022-12-12 22:36:32,003,242785,0.0,0.0,0,0.0,0.0,0.0,0,0.0,0.0,0.0,0,0.0,0.0,0.0,0,0.0,0.0,0,0,0,
2022-12-12 22:41:36,001,280171,0.0,0.0,0,0.0,0.0,0.0,0,0.0,0.0,0.0,0,0.0,0.0,0.0,0,0.0,0.0,0,0,0,
2022-12-12 22:41:36,002,292180,0.0,0.0,0,0.0,0.0,0.0,0,0.0,0.0,0.0,0,0.0,0.0,0.0,0,0.0,0.0,0,0,0,
2022-12-12 22:41:36,003,242785,0.0,0.0,0,0.0,0.0,0.0,0,0.0,0.0,0.0,0,0.0,0.0,0.0,0,0.0,0.0,0,0,0,
2022-12-12 22:46:41,001,280171,0.0,0.0,0,0.0,0.0,0.0,0,0.0,0.0,0.0,0,0.0,0.0,0.0,0,0.0,0.0,0,0,0,
2022-12-12 22:46:41,002,292180,0.0,0.0,0,0.0,0.0,0.0,0,0.0,0.0,0.0,0,0.0,0.0,0.0,0,0.0,0.0,0,0,0,
2022-12-12 22:46:41,003,242785,0.0,0.0,0,0.0,0.0,0.0,0,0.0,0.0,0.0,0,0.0,0.0,0.0,0,0.0,0.0,0,0,0,
2022-12-12 22:51:45,001,280171,0.0,0.0,0,0.0,0.0,0.0,0,0.0,0.0,0.0,0,0.0,0.0,0.0,0,0.0,0.0,0,0,0,
2022-12-12 22:51:45,002,292180,0.0,0.0,0,0.0,0.0,0.0,0,0.0,0.0,0.0,0,0.0,0.0,0.0,0,0.0,0.0,0,0,0,
2022-12-12 22:51:45,003,242785,0.0,0.0,0,0.0,0.0,0.0,0,0.0,0.0,0.0,0,0.0,0.0,0.0,0,0.0,0.0,0,0,0,
2022-12-12 22:56:49,001,280171,0.0,0.0,0,0.0,0.0,0.0,0,0.0,0.0,0.0,0,0.0,0.0,0.0,0,0.0,0.0,0,0,0,
2022-12-12 22:56:49,002,292180,0.0,0.0,0,0.0,0.0,0.0,0,0.0,0.0,0.0,0,0.0,0.0,0.0,0,0.0,0.0,0,0,0,
2022-12-12 22:56:49,003,242785,0.0,0.0,0,0.0,0.0,0.0,0,0.0,0.0,0.0,0,0.0,0.0,0.0,0,0.0,0.0,0,0,0,
2022-12-12 23:01:53,001,280171,0.0,0.0,0,0.0,0.0,0.0,0,0.0,0.0,0.0,0,0.0,0.0,0.0,0,0.0,0.0,0,0,0,
2022-12-12 23:01:53,002,292180,0.0,0.0,0,0.0,0.0,0.0,0,0.0,0.0,0.0,0,0.0,0.0,0.0,0,0.0,0.0,0,0,0,
2022-12-12 23:01:53,003,242785,0.0,0.0,0,0.0,0.0,0.0,0,0.0,0.0,0.0,0,0.0,0.0,0.0,0,0.0,0.0,0,0,0,
2022-12-12 23:06:57,001,280171,0.0,0.0,0,0.0,0.0,0.0,0,0.0,0.0,0.0,0,0.0,0.0,0.0,0,0.0,0.0,0,0,0,
2022-12-12 23:06:57,002,292180,0.0,0.0,0,0.0,0.0,0.0,0,0.0,0.0,0.0,0,0.0,0.0,0.0,0,0.0,0.0,0,0,0,
2022-12-12 23:06:57,003,242785,0.0,0.0,0,0.0,0.0,0.0,0,0.0,0.0,0.0,0,0.0,0.0,0.0,0,0.0,0.0,0,0,0,
2022-12-12 23:12:01,001,280171,0.0,0.0,0,0.0,0.0,0.0,0,0.0,0.0,0.0,0,0.0,0.0,0.0,0,0.0,0.0,0,0,0,
2022-12-12 23:12:01,002,292180,0.0,0.0,0,0.0,0.0,0.0,0,0.0,0.0,0.0,0,0.0,0.0,0.0,0,0.0,0.0,0,0,0,
2022-12-12 23:12:01,003,242785,0.0,0.0,0,0.0,0.0,0.0,0,0.0,0.0,0.0,0,0.0,0.0,0.0,0,0.0,0.0,0,0,0,
2022-12-12 23:17:05,001,280171,0.0,0.0,0,0.0,0.0,0.0,0,0.0,0.0,0.0,0,0.0,0.0,0.0,0,0.0,0.0,0,0,0,
2022-12-12 23:17:05,002,292180,0.0,0.0,0,0.0,0.0,0.0,0,0.0,0.0,0.0,0,0.0,0.0,0.0,0,0.0,0.0,0,0,0,
2022-12-12 23:17:05,003,242785,0.0,0.0,0,0.0,0.0,0.0,0,0.0,0.0,0.0,0,0.0,0.0,0.0,0,0.0,0.0,0,0,0,
2022-12-12 23:22:09,001,280171,0.0,0.0,0,0.0,0.0,0.0,0,0.0,0.0,0.0,0,0.0,0.0,0.0,0,0.0,0.0,0,0,0,
2022-12-12 23:22:09,002,292180,0.0,0.0,0,0.0,0.0,0.0,0,0.0,0.0,0.0,0,0.0,0.0,0.0,0,0.0,0.0,0,0,0,
2022-12-12 23:22:09,003,242785,0.0,0.0,0,0.0,0.0,0.0,0,0.0,0.0,0.0,0,0.0,0.0,0.0,0,0.0,0.0,0,0,0,
2022-12-12 23:27:13,001,280171,0.0,0.0,0,0.0,0.0,0.0,0,0.0,0.0,0.0,0,0.0,0.0,0.0,0,0.0,0.0,0,0,0,
2022-12-12 23:27:13,002,292180,0.0,0.0,0,0.0,0.0,0.0,0,0.0,0.0,0.0,0,0.0,0.0,0.0,0,0.0,0.0,0,0,0,
2022-12-12 23:27:13,003,242785,0.0,0.0,0,0.0,0.0,0.0,0,0.0,0.0,0.0,0,0.0,0.0,0.0,0,0.0,0.0,0,0,0,
2022-12-12 23:32:17,001,280171,0.0,0.0,0,0.0,0.0,0.0,0,0.0,0.0,0.0,0,0.0,0.0,0.0,0,0.0,0.0,0,0,0,
2022-12-12 23:32:17,002,292180,0.0,0.0,0,0.0,0.0,0.0,0,0.0,0.0,0.0,0,0.0,0.0,0.0,0,0.0,0.0,0,0,0,
2022-12-12 23:32:17,003,242785,0.0,0.0,0,0.0,0.0,0.0,0,0.0,0.0,0.0,0,0.0,0.0,0.0,0,0.0,0.0,0,0,0,
2022-12-12 23:37:22,001,280171,0.0,0.0,0,0.0,0.0,0.0,0,0.0,0.0,0.0,0,0.0,0.0,0.0,0,0.0,0.0,0,0,0,
2022-12-12 23:37:22,002,292180,0.0,0.0,0,0.0,0.0,0.0,0,0.0,0.0,0.0,0,0.0,0.0,0.0,0,0.0,0.0,0,0,0,
2022-12-12 23:37:22,003,242785,0.0,0.0,0,0.0,0.0,0.0,0,0.0,0.0,0.0,0,0.0,0.0,0.0,0,0.0,0.0,0,0,0,
2022-12-12 23:42:26,001,280171,0.0,0.0,0,0.0,0.0,0.0,0,0.0,0.0,0.0,0,0.0,0.0,0.0,0,0.0,0.0,0,0,0,
2022-12-12 23:42:26,002,292180,0.0,0.0,0,0.0,0.0,0.0,0,0.0,0.0,0.0,0,0.0,0.0,0.0,0,0.0,0.0,0,0,0,
2022-12-12 23:42:26,003,242785,0.0,0.0,0,0.0,0.0,0.0,0,0.0,0.0,0.0,0,0.0,0.0,0.0,0,0.0,0.0,0,0,0,
2022-12-12 23:46:29,001,280171,0.0,0.0,0,0.0,0.0,0.0,0,0.0,0.0,0.0,0,0.0,0.0,0.0,0,0.0,0.0,0,0,0,
2022-12-12 23:46:29,002,292180,0.0,0.0,0,0.0,0.0,0.0,0,0.0,0.0,0.0,0,0.0,0.0,0.0,0,0.0,0.0,0,0,0,
2022-12-12 23:46:29,003,242785,0.0,0.0,0,0.0,0.0,0.0,0,0.0,0.0,0.0,0,0.0,0.0,0.0,0,0.0,0.0,0,0,0,
2022-12-12 23:51:33,001,280171,0.0,0.0,0,0.0,0.0,0.0,0,0.0,0.0,0.0,0,0.0,0.0,0.0,0,0.0,0.0,0,0,0,
2022-12-12 23:51:33,002,292180,0.0,0.0,0,0.0,0.0,0.0,0,0.0,0.0,0.0,0,0.0,0.0,0.0,0,0.0,0.0,0,0,0,
2022-12-12 23:51:33,003,242785,0.0,0.0,0,0.0,0.0,0.0,0,0.0,0.0,0.0,0,0.0,0.0,0.0,0,0.0,0.0,0,0,0,
2022-12-12 23:56:37,001,280171,0.0,0.0,0,0.0,0.0,0.0,0,0.0,0.0,0.0,0,0.0,0.0,0.0,0,0.0,0.0,0,0,0,
2022-12-12 23:56:37,002,292180,0.0,0.0,0,0.0,0.0,0.0,0,0.0,0.0,0.0,0,0.0,0.0,0.0,0,0.0,0.0,0,0,0,
2022-12-12 23:56:37,003,242785,0.0,0.0,0,0.0,0.0,0.0,0,0.0,0.0,0.0,0,0.0,0.0,0.0,0,0.0,0.0,0,0,0,
